{"type": "FeatureCollection", "features": [{"type": "Feature", "properties": {"name": "Aricanduva", "zona": "LESTE", "zona_label": "Leste", "zona_color": "#9ADD41"}, "geometry": {"type": "MultiPolygon", "coordinates": [[[[-46.52123, -23.58467], [-46.52696, -23.58516], [-46.52811, -23.58434], [-46.52506, -23.57937], [-46.52478, -23.57835], [-46.52482, -23.57757], [-46.52526, -23.57746], [-46.52664, -23.57664], [-46.52871, -23.57603], [-46.52879, -23.57548], [-46.53007, -23.57465], [-46.53165, -23.57386], [-46.53224, -23.57371], [-46.53306, -23.573], [-46.53265, -23.57281], [-46.53187, -23.57162], [-46.53142, -23.57121], [-46.52875, -23.56977], [-46.52794, -23.56892], [-46.52699, -23.56707], [-46.52639, -23.56632], [-46.524, -23.56475], [-46.52307, -23.56383], [-46.52255, -23.56296], [-46.52175, -23.56059], [-46.5209, -23.55905], [-46.52164, -23.55857], [-46.52154, -23.55842], [-46.51866, -23.55667], [-46.51715, -23.55513], [-46.51603, -23.55668], [-46.51179, -23.56091], [-46.50877, -23.56325], [-46.50802, -23.56426], [-46.50696, -23.56639], [-46.50518, -23.56806], [-46.50454, -23.56884], [-46.5041, -23.57026], [-46.50404, -23.57304], [-46.50326, -23.57463], [-46.50234, -23.57586], [-46.50234, -23.57692], [-46.50178, -23.5796], [-46.50188, -23.57998], [-46.50293, -23.58132], [-46.50466, -23.58431], [-46.50498, -23.58658], [-46.50662, -23.58924], [-46.50678, -23.59004], [-46.50791, -23.58963], [-46.50979, -23.58922], [-46.51259, -23.58708], [-46.51315, -23.58681], [-46.51436, -23.58669], [-46.51579, -23.58716], [-46.51661, -23.58714], [-46.51846, -23.58578], [-46.51973, -23.58531], [-46.52097, -23.58465], [-46.52123, -23.58467]]]]}}, {"type": "Feature", "properties": {"name": "Brasilândia", "zona": "NORTE", "zona_label": "Norte", "zona_color": "#D97720"}, "geometry": {"type": "MultiPolygon", "coordinates": [[[[-46.675, -23.47649], [-46.67634, -23.47727], [-46.67781, -23.4773], [-46.6797, -23.47698], [-46.68066, -23.47708], [-46.68141, -23.47737], [-46.68259, -23.47843], [-46.68263, -23.47896], [-46.682, -23.48044], [-46.68229, -23.48107], [-46.68267, -23.4814], [-46.68274, -23.48091], [-46.68356, -23.48121], [-46.68439, -23.48132], [-46.68646, -23.4808], [-46.68596, -23.47948], [-46.68662, -23.47929], [-46.68649, -23.47891], [-46.68682, -23.47867], [-46.68856, -23.47848], [-46.68843, -23.47795], [-46.69095, -23.47769], [-46.69093, -23.47786], [-46.69347, -23.47802], [-46.69353, -23.4778], [-46.69407, -23.47762], [-46.69529, -23.47797], [-46.69573, -23.47627], [-46.69604, -23.47565], [-46.69624, -23.47554], [-46.69596, -23.47393], [-46.69625, -23.47291], [-46.69659, -23.47294], [-46.69679, -23.47012], [-46.69767, -23.46922], [-46.69733, -23.46834], [-46.70119, -23.46358], [-46.7013, -23.46289], [-46.7037, -23.46157], [-46.70385, -23.46154], [-46.70414, -23.46177], [-46.70454, -23.46144], [-46.70504, -23.4613], [-46.70802, -23.46169], [-46.70979, -23.46154], [-46.7107, -23.46161], [-46.71119, -23.46114], [-46.71155, -23.46104], [-46.71277, -23.4617], [-46.7143, -23.46225], [-46.71521, -23.46092], [-46.71542, -23.45978], [-46.71503, -23.45904], [-46.71491, -23.45814], [-46.71369, -23.45622], [-46.71262, -23.45529], [-46.71206, -23.45452], [-46.71166, -23.45441], [-46.7114, -23.45416], [-46.71052, -23.45293], [-46.71016, -23.45271], [-46.70935, -23.45269], [-46.70864, -23.45241], [-46.70834, -23.45213], [-46.70799, -23.45202], [-46.70772, -23.45171], [-46.70701, -23.45139], [-46.70726, -23.45112], [-46.70723, -23.45045], [-46.70675, -23.4497], [-46.70673, -23.44883], [-46.70619, -23.44783], [-46.70646, -23.4467], [-46.70624, -23.44616], [-46.70712, -23.44501], [-46.70785, -23.44477], [-46.70812, -23.44442], [-46.70872, -23.44436], [-46.70955, -23.44398], [-46.71046, -23.44335], [-46.7114, -23.44225], [-46.71174, -23.44152], [-46.71178, -23.44067], [-46.71132, -23.43994], [-46.71082, -23.43954], [-46.71024, -23.43927], [-46.70849, -23.43884], [-46.70789, -23.43813], [-46.70695, -23.43743], [-46.7064, -23.43722], [-46.70541, -23.43738], [-46.70484, -23.43716], [-46.70381, -23.43708], [-46.70323, -23.43672], [-46.70265, -23.43067], [-46.70272, -23.42954], [-46.70349, -23.42612], [-46.70356, -23.42357], [-46.70335, -23.4228], [-46.7029, -23.42241], [-46.70255, -23.42228], [-46.70043, -23.4223], [-46.70027, -23.42286], [-46.69968, -23.42351], [-46.69896, -23.42387], [-46.69778, -23.42418], [-46.69635, -23.42435], [-46.69519, -23.42418], [-46.69428, -23.42378], [-46.69295, -23.42284], [-46.69234, -23.42273], [-46.69158, -23.42308], [-46.68852, -23.42603], [-46.6873, -23.42683], [-46.68659, -23.42696], [-46.68574, -23.42631], [-46.6854, -23.42547], [-46.68536, -23.42318], [-46.68486, -23.42162], [-46.68496, -23.41974], [-46.68473, -23.41931], [-46.68227, -23.41766], [-46.67993, -23.4169], [-46.67782, -23.41559], [-46.67737, -23.41546], [-46.6773, -23.41751], [-46.67608, -23.42048], [-46.67563, -23.42116], [-46.67489, -23.42188], [-46.67445, -23.42314], [-46.67355, -23.42392], [-46.67249, -23.4258], [-46.67146, -23.42717], [-46.67095, -23.42754], [-46.67016, -23.42768], [-46.66992, -23.42784], [-46.66968, -23.42907], [-46.66929, -23.42983], [-46.66878, -23.43003], [-46.66631, -23.42892], [-46.66557, -23.4289], [-46.66405, -23.42986], [-46.66375, -23.43024], [-46.66341, -23.43155], [-46.6637, -23.43255], [-46.66413, -23.43311], [-46.66473, -23.43352], [-46.66578, -23.43376], [-46.66715, -23.43373], [-46.6681, -23.43392], [-46.66857, -23.4342], [-46.67057, -23.43602], [-46.67115, -23.43726], [-46.6712, -23.43819], [-46.671, -23.43918], [-46.67021, -23.44111], [-46.67027, -23.44162], [-46.67096, -23.44225], [-46.67197, -23.44246], [-46.67198, -23.44322], [-46.67235, -23.44385], [-46.6724, -23.44451], [-46.67213, -23.44492], [-46.6724, -23.44549], [-46.67243, -23.44636], [-46.67318, -23.44684], [-46.67433, -23.44855], [-46.67454, -23.44926], [-46.6754, -23.45043], [-46.67396, -23.4527], [-46.67508, -23.45589], [-46.67494, -23.45695], [-46.675, -23.45796], [-46.67397, -23.4593], [-46.6731, -23.46001], [-46.67241, -23.46349], [-46.67042, -23.46643], [-46.6701, -23.46793], [-46.67045, -23.47036], [-46.67004, -23.4741], [-46.67113, -23.47445], [-46.67233, -23.4742], [-46.67278, -23.47431], [-46.67354, -23.47491], [-46.675, -23.47649]]]]}}, {"type": "Feature", "properties": {"name": "Água Rasa", "zona": "LESTE", "zona_label": "Leste", "zona_color": "#9ADD41"}, "geometry": {"type": "MultiPolygon", "coordinates": [[[[-46.57686, -23.5773], [-46.5777, -23.5759], [-46.57825, -23.57601], [-46.5792, -23.57584], [-46.57935, -23.57554], [-46.57928, -23.57509], [-46.57914, -23.57473], [-46.57897, -23.57463], [-46.57971, -23.57397], [-46.58039, -23.57379], [-46.58178, -23.57245], [-46.58181, -23.57226], [-46.58122, -23.57144], [-46.58127, -23.56986], [-46.58149, -23.56938], [-46.58252, -23.56861], [-46.58576, -23.56837], [-46.58843, -23.56606], [-46.58951, -23.5649], [-46.58373, -23.55411], [-46.58016, -23.55072], [-46.58066, -23.54996], [-46.57884, -23.5493], [-46.57741, -23.55202], [-46.57449, -23.55262], [-46.57307, -23.55254], [-46.57117, -23.55217], [-46.57085, -23.55267], [-46.56962, -23.55288], [-46.56946, -23.5533], [-46.5689, -23.55367], [-46.56969, -23.55692], [-46.56861, -23.55815], [-46.56759, -23.55874], [-46.56634, -23.56022], [-46.56544, -23.56165], [-46.56495, -23.56201], [-46.55647, -23.56632], [-46.55405, -23.56852], [-46.55666, -23.57422], [-46.55695, -23.57413], [-46.55782, -23.58087], [-46.55985, -23.58069], [-46.56327, -23.58144], [-46.56557, -23.58137], [-46.56715, -23.58112], [-46.56972, -23.58003], [-46.57238, -23.57939], [-46.57589, -23.57763], [-46.57669, -23.57769], [-46.57686, -23.5773]]]]}}, {"type": "Feature", "properties": {"name": "Alto De Pinheiros", "zona": "OESTE", "zona_label": "Oeste", "zona_color": "#CF4CC8"}, "geometry": {"type": "MultiPolygon", "coordinates": [[[[-46.71151, -23.55838], [-46.73018, -23.54922], [-46.73115, -23.54858], [-46.73454, -23.54572], [-46.72984, -23.54128], [-46.72952, -23.54113], [-46.72927, -23.54125], [-46.72864, -23.54122], [-46.72841, -23.54106], [-46.72815, -23.54122], [-46.72796, -23.54116], [-46.72804, -23.54018], [-46.7279, -23.53953], [-46.72573, -23.53745], [-46.72481, -23.53708], [-46.72416, -23.53697], [-46.72104, -23.53733], [-46.72033, -23.53728], [-46.71957, -23.5369], [-46.71929, -23.53648], [-46.71867, -23.53596], [-46.71448, -23.53531], [-46.71314, -23.53528], [-46.71093, -23.53561], [-46.70948, -23.53617], [-46.70931, -23.53642], [-46.70931, -23.53713], [-46.70815, -23.53845], [-46.70755, -23.53872], [-46.70625, -23.53893], [-46.70563, -23.53959], [-46.70486, -23.54002], [-46.70168, -23.54073], [-46.69903, -23.54103], [-46.6972, -23.54065], [-46.69612, -23.54237], [-46.69478, -23.54321], [-46.69361, -23.54441], [-46.69285, -23.54498], [-46.69287, -23.54556], [-46.69234, -23.5464], [-46.69469, -23.54939], [-46.69535, -23.55139], [-46.69572, -23.55311], [-46.69726, -23.55566], [-46.69727, -23.55636], [-46.69823, -23.55732], [-46.69899, -23.55859], [-46.69944, -23.55906], [-46.7048, -23.56355], [-46.7059, -23.56177], [-46.70689, -23.56084], [-46.70821, -23.56003], [-46.71151, -23.55838]]]]}}, {"type": "Feature", "properties": {"name": "Anhanguera", "zona": "NORTE", "zona_label": "Norte", "zona_color": "#D97720"}, "geometry": {"type": "MultiPolygon", "coordinates": [[[[-46.77513, -23.45629], [-46.7751, -23.46091], [-46.7757, -23.46228], [-46.7757, -23.46303], [-46.77586, -23.46334], [-46.77736, -23.46423], [-46.77777, -23.46462], [-46.7779, -23.465], [-46.77849, -23.46491], [-46.77898, -23.46523], [-46.78027, -23.46513], [-46.78056, -23.46496], [-46.7807, -23.46409], [-46.78083, -23.46395], [-46.7816, -23.46382], [-46.78241, -23.46414], [-46.78249, -23.46473], [-46.78292, -23.46514], [-46.7832, -23.46577], [-46.78448, -23.46614], [-46.78541, -23.46617], [-46.78686, -23.46577], [-46.78745, -23.46499], [-46.78922, -23.46336], [-46.79119, -23.46239], [-46.79178, -23.46166], [-46.79223, -23.46147], [-46.79426, -23.46271], [-46.79571, -23.46284], [-46.79613, -23.46308], [-46.79624, -23.46412], [-46.79672, -23.46519], [-46.79671, -23.46589], [-46.79644, -23.46651], [-46.79647, -23.46728], [-46.79672, -23.46829], [-46.79697, -23.46872], [-46.79714, -23.46991], [-46.7988, -23.47046], [-46.79953, -23.47138], [-46.79991, -23.47085], [-46.80069, -23.47036], [-46.80032, -23.46928], [-46.80033, -23.4685], [-46.80077, -23.46723], [-46.80219, -23.46594], [-46.80277, -23.46515], [-46.80536, -23.46246], [-46.80577, -23.46006], [-46.80568, -23.45885], [-46.80585, -23.45816], [-46.80562, -23.45748], [-46.80594, -23.45576], [-46.80745, -23.45373], [-46.80778, -23.45296], [-46.80818, -23.45256], [-46.80863, -23.45177], [-46.80905, -23.45021], [-46.80888, -23.44894], [-46.80932, -23.44801], [-46.80906, -23.4464], [-46.80956, -23.44487], [-46.80947, -23.44228], [-46.81017, -23.44144], [-46.81158, -23.44068], [-46.8118, -23.43974], [-46.81153, -23.43786], [-46.81155, -23.43691], [-46.81242, -23.43594], [-46.81259, -23.43525], [-46.81289, -23.43484], [-46.81325, -23.43469], [-46.81359, -23.43519], [-46.81388, -23.43525], [-46.81414, -23.43457], [-46.81521, -23.43356], [-46.81567, -23.43248], [-46.81566, -23.43147], [-46.81599, -23.43123], [-46.81695, -23.42972], [-46.81851, -23.42944], [-46.81909, -23.42901], [-46.81959, -23.42891], [-46.82146, -23.42711], [-46.8226, -23.42533], [-46.82261, -23.42468], [-46.82315, -23.42366], [-46.82332, -23.42241], [-46.8231, -23.42224], [-46.82309, -23.42205], [-46.82266, -23.42188], [-46.82248, -23.42063], [-46.82135, -23.42022], [-46.82031, -23.42004], [-46.82005, -23.41894], [-46.81965, -23.41812], [-46.81992, -23.41718], [-46.82039, -23.4163], [-46.82038, -23.41526], [-46.82087, -23.41466], [-46.82184, -23.41385], [-46.82211, -23.41332], [-46.82223, -23.41225], [-46.8224, -23.41187], [-46.82261, -23.41171], [-46.82332, -23.41175], [-46.82461, -23.41104], [-46.82512, -23.41039], [-46.82539, -23.4097], [-46.82619, -23.40891], [-46.8257, -23.40814], [-46.82451, -23.40734], [-46.82419, -23.40627], [-46.82503, -23.40534], [-46.82508, -23.40486], [-46.82544, -23.40455], [-46.82553, -23.40417], [-46.82505, -23.40357], [-46.82359, -23.40297], [-46.8236, -23.40274], [-46.82399, -23.40241], [-46.82361, -23.40222], [-46.82311, -23.40168], [-46.82305, -23.401], [-46.82198, -23.40107], [-46.82196, -23.40149], [-46.82182, -23.40165], [-46.82082, -23.40202], [-46.82075, -23.40182], [-46.82122, -23.40153], [-46.82125, -23.40139], [-46.82005, -23.40133], [-46.81998, -23.40103], [-46.8203, -23.40079], [-46.81986, -23.40019], [-46.8193, -23.40015], [-46.81807, -23.39948], [-46.81753, -23.39977], [-46.81715, -23.39929], [-46.81638, -23.39972], [-46.81475, -23.40016], [-46.81323, -23.39991], [-46.81231, -23.39875], [-46.8115, -23.3989], [-46.81006, -23.39971], [-46.80771, -23.39941], [-46.80753, -23.39923], [-46.80785, -23.39879], [-46.80695, -23.39838], [-46.8077, -23.39814], [-46.80765, -23.39788], [-46.80691, -23.39791], [-46.8058, -23.39687], [-46.80517, -23.39706], [-46.8029, -23.39659], [-46.80334, -23.39592], [-46.80423, -23.39569], [-46.80434, -23.39551], [-46.80387, -23.39505], [-46.80296, -23.39533], [-46.803, -23.39486], [-46.80265, -23.3948], [-46.80235, -23.39543], [-46.80174, -23.39538], [-46.80153, -23.39552], [-46.80078, -23.39694], [-46.79882, -23.39885], [-46.79872, -23.39918], [-46.79888, -23.39986], [-46.79868, -23.40016], [-46.79948, -23.4004], [-46.79998, -23.40077], [-46.80022, -23.4008], [-46.80065, -23.40142], [-46.80053, -23.40173], [-46.79989, -23.40218], [-46.79939, -23.40284], [-46.79913, -23.40283], [-46.79902, -23.40228], [-46.7986, -23.40198], [-46.79804, -23.40213], [-46.79801, -23.40254], [-46.79785, -23.40261], [-46.79761, -23.40248], [-46.7973, -23.40282], [-46.79651, -23.40271], [-46.79668, -23.40199], [-46.79723, -23.40175], [-46.79726, -23.40157], [-46.79636, -23.40096], [-46.79593, -23.40094], [-46.79547, -23.40034], [-46.79436, -23.40027], [-46.7941, -23.40007], [-46.79397, -23.39967], [-46.79381, -23.39962], [-46.79259, -23.39987], [-46.7921, -23.40099], [-46.7913, -23.40144], [-46.79126, -23.40202], [-46.79177, -23.40158], [-46.792, -23.40191], [-46.79205, -23.40235], [-46.79106, -23.40252], [-46.78954, -23.40228], [-46.78933, -23.40242], [-46.78932, -23.4029], [-46.78871, -23.40265], [-46.78845, -23.40269], [-46.78813, -23.40307], [-46.78812, -23.40325], [-46.78835, -23.40337], [-46.78909, -23.40334], [-46.78937, -23.40366], [-46.78893, -23.40377], [-46.78814, -23.40438], [-46.78805, -23.40427], [-46.78813, -23.40369], [-46.78801, -23.40366], [-46.78692, -23.40461], [-46.78621, -23.405], [-46.78595, -23.40497], [-46.78511, -23.40403], [-46.78353, -23.40414], [-46.7832, -23.40406], [-46.78259, -23.40345], [-46.7829, -23.40266], [-46.78288, -23.40249], [-46.7826, -23.4025], [-46.78193, -23.403], [-46.78128, -23.40397], [-46.78106, -23.40403], [-46.78043, -23.40466], [-46.77992, -23.40501], [-46.77916, -23.40515], [-46.7794, -23.40585], [-46.77881, -23.40587], [-46.77873, -23.40605], [-46.77908, -23.40644], [-46.77911, -23.40672], [-46.77841, -23.40709], [-46.77708, -23.40928], [-46.77545, -23.41014], [-46.77494, -23.41074], [-46.77477, -23.41156], [-46.77378, -23.41221], [-46.77373, -23.41234], [-46.77418, -23.41293], [-46.77438, -23.41345], [-46.77428, -23.41358], [-46.77358, -23.41371], [-46.77309, -23.41417], [-46.77243, -23.41444], [-46.77263, -23.41502], [-46.77275, -23.41624], [-46.7725, -23.41695], [-46.77188, -23.41699], [-46.77166, -23.41741], [-46.77165, -23.41803], [-46.77137, -23.41872], [-46.77071, -23.41906], [-46.76901, -23.41929], [-46.76854, -23.41961], [-46.76712, -23.41913], [-46.76626, -23.41929], [-46.76557, -23.41883], [-46.76526, -23.41903], [-46.76503, -23.41958], [-46.76415, -23.41966], [-46.76338, -23.42024], [-46.76264, -23.42166], [-46.76171, -23.42281], [-46.76151, -23.42344], [-46.76223, -23.42431], [-46.76209, -23.42455], [-46.76253, -23.42518], [-46.76217, -23.42593], [-46.76164, -23.42638], [-46.76133, -23.42647], [-46.7611, -23.4271], [-46.76123, -23.42811], [-46.76204, -23.42835], [-46.76214, -23.42896], [-46.76156, -23.42912], [-46.76154, -23.42968], [-46.76183, -23.43], [-46.76123, -23.43086], [-46.76162, -23.43128], [-46.7616, -23.43313], [-46.76217, -23.43349], [-46.76324, -23.43382], [-46.76384, -23.4352], [-46.76487, -23.43603], [-46.7643, -23.43698], [-46.76425, -23.43788], [-46.76485, -23.43904], [-46.765, -23.43973], [-46.765, -23.44044], [-46.76453, -23.4419], [-46.7648, -23.44318], [-46.76516, -23.44356], [-46.76503, -23.44428], [-46.76611, -23.44684], [-46.76694, -23.4472], [-46.76782, -23.44803], [-46.76931, -23.44871], [-46.76941, -23.44912], [-46.76931, -23.45166], [-46.76949, -23.45243], [-46.77, -23.45307], [-46.77009, -23.45344], [-46.77322, -23.45608], [-46.77358, -23.45628], [-46.77513, -23.45629]]]]}}, {"type": "Feature", "properties": {"name": "Artur Alvim", "zona": "LESTE", "zona_label": "Leste", "zona_color": "#9ADD41"}, "geometry": {"type": "MultiPolygon", "coordinates": [[[[-46.47938, -23.55297], [-46.47987, -23.55345], [-46.48065, -23.55376], [-46.48094, -23.55403], [-46.48135, -23.55405], [-46.48239, -23.55373], [-46.48326, -23.55421], [-46.48367, -23.55471], [-46.48461, -23.55476], [-46.48683, -23.55412], [-46.49199, -23.55352], [-46.49328, -23.55303], [-46.4975, -23.55032], [-46.4989, -23.54988], [-46.50074, -23.54988], [-46.50225, -23.54945], [-46.5012, -23.54599], [-46.50044, -23.54527], [-46.49968, -23.54404], [-46.49898, -23.5434], [-46.49776, -23.54288], [-46.49688, -23.54277], [-46.49345, -23.54332], [-46.49628, -23.54], [-46.49591, -23.53984], [-46.49837, -23.53576], [-46.50131, -23.53232], [-46.50171, -23.53152], [-46.50128, -23.53095], [-46.49767, -23.53329], [-46.49585, -23.53474], [-46.49482, -23.53516], [-46.49366, -23.53531], [-46.49255, -23.53384], [-46.48856, -23.5299], [-46.48971, -23.52775], [-46.4892, -23.52751], [-46.48782, -23.52571], [-46.48709, -23.52623], [-46.48616, -23.52617], [-46.48389, -23.52516], [-46.48234, -23.52596], [-46.48095, -23.52586], [-46.47506, -23.52378], [-46.47349, -23.53271], [-46.47362, -23.53406], [-46.47393, -23.53512], [-46.47434, -23.53597], [-46.47473, -23.53641], [-46.47516, -23.53757], [-46.47498, -23.53811], [-46.47419, -23.53933], [-46.4733, -23.54011], [-46.47326, -23.54055], [-46.47432, -23.54333], [-46.47527, -23.54411], [-46.47599, -23.54495], [-46.47649, -23.5456], [-46.47738, -23.54734], [-46.47762, -23.54897], [-46.47843, -23.55053], [-46.47908, -23.55144], [-46.47881, -23.55156], [-46.47938, -23.55297]]]]}}, {"type": "Feature", "properties": {"name": "Barra Funda", "zona": "OESTE", "zona_label": "Oeste", "zona_color": "#CF4CC8"}, "geometry": {"type": "MultiPolygon", "coordinates": [[[[-46.6619, -23.53401], [-46.66343, -23.53705], [-46.6639, -23.53594], [-46.66343, -23.53499], [-46.66512, -23.53393], [-46.67288, -23.53228], [-46.67775, -23.5294], [-46.6788, -23.52889], [-46.68132, -23.52716], [-46.6823, -23.52631], [-46.68253, -23.525], [-46.68361, -23.52431], [-46.68509, -23.52381], [-46.68778, -23.52155], [-46.69011, -23.51701], [-46.6924, -23.51328], [-46.69264, -23.51207], [-46.69366, -23.51042], [-46.69364, -23.50916], [-46.69347, -23.50828], [-46.68376, -23.51022], [-46.68211, -23.51103], [-46.67959, -23.51296], [-46.67752, -23.51383], [-46.65395, -23.51676], [-46.65409, -23.51778], [-46.65536, -23.51836], [-46.65588, -23.51879], [-46.65859, -23.52152], [-46.65949, -23.52278], [-46.66089, -23.52778], [-46.66094, -23.5321], [-46.6619, -23.53401]]]]}}, {"type": "Feature", "properties": {"name": "Bela Vista", "zona": "CENTRO", "zona_label": "Centro", "zona_color": "#E8DC4A"}, "geometry": {"type": "MultiPolygon", "coordinates": [[[[-46.64065, -23.5686], [-46.64106, -23.57334], [-46.64191, -23.57301], [-46.64901, -23.56758], [-46.65891, -23.55922], [-46.65568, -23.55507], [-46.65031, -23.55223], [-46.64772, -23.55138], [-46.64717, -23.55161], [-46.64688, -23.55111], [-46.64631, -23.55084], [-46.64523, -23.5537], [-46.64461, -23.55442], [-46.64207, -23.5554], [-46.63751, -23.55613], [-46.63861, -23.55889], [-46.63961, -23.56047], [-46.63996, -23.56149], [-46.64063, -23.56548], [-46.64065, -23.5686]]]]}}, {"type": "Feature", "properties": {"name": "Belém", "zona": "LESTE", "zona_label": "Leste", "zona_color": "#9ADD41"}, "geometry": {"type": "MultiPolygon", "coordinates": [[[[-46.60099, -23.54516], [-46.60445, -23.54585], [-46.60612, -23.54345], [-46.60705, -23.54256], [-46.60862, -23.53704], [-46.61254, -23.53361], [-46.60575, -23.5269], [-46.60619, -23.52646], [-46.60707, -23.523], [-46.60659, -23.52289], [-46.60553, -23.52274], [-46.60444, -23.52275], [-46.60323, -23.52302], [-46.60243, -23.52335], [-46.60157, -23.5239], [-46.59527, -23.52891], [-46.59386, -23.52954], [-46.59228, -23.52979], [-46.59094, -23.52978], [-46.58501, -23.52833], [-46.58391, -23.53093], [-46.58208, -23.53813], [-46.58134, -23.5392], [-46.58112, -23.53976], [-46.57884, -23.5493], [-46.58066, -23.54996], [-46.58016, -23.55072], [-46.58366, -23.55402], [-46.58836, -23.55006], [-46.59236, -23.54568], [-46.59325, -23.5445], [-46.59363, -23.54369], [-46.59986, -23.54493], [-46.60003, -23.54457], [-46.59986, -23.54493], [-46.60099, -23.54516]]]]}}, {"type": "Feature", "properties": {"name": "Bom Retiro", "zona": "CENTRO", "zona_label": "Centro", "zona_color": "#E8DC4A"}, "geometry": {"type": "MultiPolygon", "coordinates": [[[[-46.62654, -23.5376], [-46.63696, -23.535], [-46.63718, -23.53513], [-46.63915, -23.53502], [-46.64124, -23.53224], [-46.64157, -23.53136], [-46.64237, -23.53018], [-46.64327, -23.52933], [-46.6439, -23.52895], [-46.64497, -23.5286], [-46.64596, -23.52855], [-46.64801, -23.52874], [-46.64822, -23.52719], [-46.6484, -23.52675], [-46.65299, -23.51887], [-46.65405, -23.51791], [-46.65395, -23.51676], [-46.64277, -23.51823], [-46.6252, -23.5193], [-46.62559, -23.53233], [-46.62519, -23.53318], [-46.62516, -23.53396], [-46.62532, -23.53492], [-46.62654, -23.5376]]]]}}, {"type": "Feature", "properties": {"name": "Brás", "zona": "CENTRO", "zona_label": "Centro", "zona_color": "#E8DC4A"}, "geometry": {"type": "MultiPolygon", "coordinates": [[[[-46.61155, -23.55271], [-46.61022, -23.55458], [-46.61816, -23.55379], [-46.6252, -23.5533], [-46.62487, -23.5513], [-46.62532, -23.54979], [-46.62634, -23.54784], [-46.62641, -23.54702], [-46.62626, -23.5447], [-46.62683, -23.54274], [-46.62732, -23.5421], [-46.6282, -23.54137], [-46.62532, -23.53492], [-46.62518, -23.5342], [-46.6223, -23.53502], [-46.61606, -23.53557], [-46.61338, -23.53291], [-46.60862, -23.53704], [-46.60705, -23.54256], [-46.60612, -23.54345], [-46.60445, -23.54585], [-46.61241, -23.54753], [-46.61488, -23.54773], [-46.61155, -23.55271]]]]}}, {"type": "Feature", "properties": {"name": "Butantã", "zona": "OESTE", "zona_label": "Oeste", "zona_color": "#CF4CC8"}, "geometry": {"type": "MultiPolygon", "coordinates": [[[[-46.71572, -23.58356], [-46.71686, -23.584], [-46.7179, -23.58462], [-46.72044, -23.58515], [-46.72432, -23.58659], [-46.72437, -23.5856], [-46.72405, -23.58395], [-46.72535, -23.58244], [-46.72857, -23.58504], [-46.73133, -23.5864], [-46.73191, -23.58705], [-46.73242, -23.58832], [-46.73301, -23.58888], [-46.73552, -23.58992], [-46.73797, -23.58475], [-46.73977, -23.58518], [-46.74427, -23.58499], [-46.74524, -23.58506], [-46.74631, -23.58533], [-46.7485, -23.58631], [-46.74947, -23.58652], [-46.75705, -23.58649], [-46.75644, -23.58586], [-46.75529, -23.58553], [-46.75493, -23.58473], [-46.75473, -23.58457], [-46.75348, -23.58435], [-46.75238, -23.58489], [-46.75206, -23.58489], [-46.75181, -23.58469], [-46.75167, -23.58389], [-46.75132, -23.58358], [-46.75088, -23.58342], [-46.75011, -23.58364], [-46.74978, -23.58351], [-46.74959, -23.58322], [-46.74965, -23.58265], [-46.74945, -23.58205], [-46.75005, -23.58085], [-46.7494, -23.58011], [-46.74963, -23.5794], [-46.74959, -23.57901], [-46.74884, -23.57815], [-46.74845, -23.57803], [-46.74783, -23.57809], [-46.74677, -23.57848], [-46.74586, -23.57906], [-46.74545, -23.5791], [-46.74515, -23.57894], [-46.74498, -23.57817], [-46.74452, -23.57795], [-46.74333, -23.57777], [-46.74284, -23.57675], [-46.73975, -23.57508], [-46.7388, -23.57404], [-46.73735, -23.57363], [-46.73596, -23.57406], [-46.73541, -23.57407], [-46.73901, -23.57223], [-46.74134, -23.56938], [-46.7404, -23.56872], [-46.74247, -23.5662], [-46.74158, -23.56557], [-46.74331, -23.56341], [-46.74239, -23.56279], [-46.74155, -23.56263], [-46.74441, -23.55848], [-46.74334, -23.55823], [-46.74181, -23.55701], [-46.73996, -23.55694], [-46.73929, -23.55674], [-46.73342, -23.55343], [-46.73258, -23.552], [-46.73255, -23.54982], [-46.73155, -23.54823], [-46.73018, -23.54922], [-46.72921, -23.54973], [-46.70759, -23.56038], [-46.7059, -23.56177], [-46.70465, -23.56384], [-46.70288, -23.56888], [-46.70183, -23.571], [-46.70092, -23.57225], [-46.70189, -23.57234], [-46.70298, -23.57222], [-46.70349, -23.57234], [-46.70601, -23.57352], [-46.70631, -23.57389], [-46.708, -23.57748], [-46.70841, -23.57808], [-46.71055, -23.57955], [-46.71184, -23.5815], [-46.71252, -23.5821], [-46.71572, -23.58356]]]]}}, {"type": "Feature", "properties": {"name": "Cachoeirinha", "zona": "NORTE", "zona_label": "Norte", "zona_color": "#D97720"}, "geometry": {"type": "MultiPolygon", "coordinates": [[[[-46.66812, -23.48168], [-46.67317, -23.48229], [-46.67305, -23.48204], [-46.67303, -23.47989], [-46.67336, -23.47974], [-46.67246, -23.47665], [-46.67199, -23.47606], [-46.67042, -23.47515], [-46.67009, -23.47452], [-46.67005, -23.47385], [-46.67045, -23.47036], [-46.67011, -23.46768], [-46.67054, -23.4662], [-46.67241, -23.46349], [-46.6731, -23.46001], [-46.67397, -23.4593], [-46.675, -23.45796], [-46.67494, -23.45695], [-46.67508, -23.45589], [-46.67396, -23.4527], [-46.6754, -23.45043], [-46.67454, -23.44926], [-46.67433, -23.44855], [-46.67318, -23.44684], [-46.67243, -23.44636], [-46.6724, -23.44549], [-46.67213, -23.44492], [-46.6724, -23.44451], [-46.67235, -23.44385], [-46.67198, -23.44322], [-46.67197, -23.44246], [-46.67096, -23.44225], [-46.67027, -23.44162], [-46.67021, -23.44111], [-46.671, -23.43918], [-46.6712, -23.43819], [-46.67115, -23.43726], [-46.67057, -23.43602], [-46.66857, -23.4342], [-46.6681, -23.43392], [-46.66715, -23.43373], [-46.66578, -23.43376], [-46.66473, -23.43352], [-46.66413, -23.43311], [-46.6637, -23.43255], [-46.66341, -23.43155], [-46.66375, -23.43024], [-46.66405, -23.42986], [-46.66557, -23.4289], [-46.66631, -23.42892], [-46.66878, -23.43003], [-46.66929, -23.42983], [-46.66968, -23.42907], [-46.66992, -23.42784], [-46.67016, -23.42768], [-46.67095, -23.42754], [-46.67146, -23.42717], [-46.67249, -23.4258], [-46.67355, -23.42392], [-46.67445, -23.42314], [-46.67489, -23.42188], [-46.67563, -23.42116], [-46.67608, -23.42048], [-46.6773, -23.41751], [-46.67737, -23.41546], [-46.67656, -23.41555], [-46.67597, -23.41587], [-46.67406, -23.41782], [-46.67248, -23.41918], [-46.67166, -23.41924], [-46.66976, -23.41859], [-46.66896, -23.41892], [-46.66672, -23.42105], [-46.66424, -23.42399], [-46.66329, -23.42456], [-46.66136, -23.42509], [-46.65986, -23.42623], [-46.65879, -23.42774], [-46.65837, -23.42869], [-46.65689, -23.4307], [-46.65643, -23.43094], [-46.65569, -23.43104], [-46.65466, -23.43062], [-46.65398, -23.43082], [-46.65293, -23.43059], [-46.65151, -23.43176], [-46.65101, -23.43283], [-46.65102, -23.43497], [-46.65169, -23.43577], [-46.65208, -23.43694], [-46.65264, -23.43756], [-46.65412, -23.43814], [-46.65449, -23.4387], [-46.65489, -23.43979], [-46.65424, -23.44104], [-46.65406, -23.4421], [-46.65334, -23.44317], [-46.65339, -23.44347], [-46.65403, -23.44424], [-46.65417, -23.44461], [-46.65383, -23.44593], [-46.6535, -23.44615], [-46.65259, -23.44621], [-46.65223, -23.44663], [-46.65232, -23.44738], [-46.65209, -23.44815], [-46.65282, -23.44903], [-46.65167, -23.45103], [-46.65215, -23.4541], [-46.64987, -23.45555], [-46.64918, -23.45652], [-46.64864, -23.45687], [-46.64874, -23.45742], [-46.64862, -23.45807], [-46.64773, -23.45952], [-46.64721, -23.46098], [-46.64748, -23.46189], [-46.64825, -23.46349], [-46.64862, -23.46392], [-46.64883, -23.46458], [-46.6484, -23.46454], [-46.64597, -23.46937], [-46.64842, -23.46982], [-46.65015, -23.47078], [-46.65151, -23.47121], [-46.65115, -23.47181], [-46.65028, -23.47252], [-46.64973, -23.47389], [-46.64984, -23.47482], [-46.65044, -23.47604], [-46.65031, -23.47727], [-46.65063, -23.47801], [-46.65078, -23.4788], [-46.65085, -23.47898], [-46.65128, -23.4792], [-46.65408, -23.4803], [-46.65406, -23.48078], [-46.65539, -23.48172], [-46.65601, -23.48184], [-46.6592, -23.48374], [-46.65958, -23.48355], [-46.66072, -23.48241], [-46.66152, -23.48213], [-46.66179, -23.48209], [-46.66275, -23.4833], [-46.66418, -23.48309], [-46.66551, -23.48219], [-46.66663, -23.48194], [-46.66727, -23.4816], [-46.66812, -23.48168]]]]}}, {"type": "Feature", "properties": {"name": "Cambuci", "zona": "CENTRO", "zona_label": "Centro", "zona_color": "#E8DC4A"}, "geometry": {"type": "MultiPolygon", "coordinates": [[[[-46.60954, -23.56736], [-46.61112, -23.56797], [-46.61218, -23.56858], [-46.61298, -23.57141], [-46.61392, -23.57184], [-46.6146, -23.57252], [-46.61445, -23.57299], [-46.61454, -23.5735], [-46.61493, -23.57394], [-46.6157, -23.57442], [-46.61574, -23.57506], [-46.61625, -23.57565], [-46.61828, -23.57717], [-46.61856, -23.57772], [-46.618, -23.57871], [-46.61811, -23.57903], [-46.61928, -23.57819], [-46.62544, -23.57827], [-46.62475, -23.57492], [-46.62371, -23.5751], [-46.62475, -23.57492], [-46.62272, -23.56515], [-46.62321, -23.56491], [-46.62334, -23.56393], [-46.62374, -23.5634], [-46.62391, -23.56192], [-46.62523, -23.5617], [-46.62436, -23.55911], [-46.62654, -23.55813], [-46.62682, -23.5545], [-46.62484, -23.55427], [-46.62535, -23.55362], [-46.6252, -23.5533], [-46.61816, -23.55379], [-46.61022, -23.55458], [-46.60843, -23.55762], [-46.60389, -23.56715], [-46.60454, -23.56735], [-46.60491, -23.56711], [-46.60828, -23.56848], [-46.60887, -23.56804], [-46.60934, -23.56728], [-46.60954, -23.56736]]]]}}, {"type": "Feature", "properties": {"name": "Campo Belo", "zona": "SUL", "zona_label": "Sul", "zona_color": "#8A63E8"}, "geometry": {"type": "MultiPolygon", "coordinates": [[[[-46.65388, -23.64034], [-46.65448, -23.64069], [-46.65652, -23.64086], [-46.65871, -23.64286], [-46.65995, -23.64092], [-46.66031, -23.6395], [-46.66083, -23.63901], [-46.66215, -23.63824], [-46.66246, -23.6382], [-46.66438, -23.64025], [-46.66627, -23.64183], [-46.66623, -23.64201], [-46.66776, -23.6424], [-46.66759, -23.64303], [-46.66992, -23.64353], [-46.67072, -23.64411], [-46.67095, -23.64464], [-46.67201, -23.64487], [-46.67437, -23.64205], [-46.67586, -23.64097], [-46.67628, -23.64052], [-46.67733, -23.63696], [-46.67876, -23.63484], [-46.67943, -23.6341], [-46.68223, -23.63196], [-46.68407, -23.63022], [-46.68458, -23.62964], [-46.68585, -23.62727], [-46.68632, -23.62683], [-46.6873, -23.62635], [-46.67836, -23.61343], [-46.67724, -23.61056], [-46.67663, -23.60856], [-46.67584, -23.6093], [-46.67441, -23.6111], [-46.67352, -23.61171], [-46.67012, -23.61334], [-46.66732, -23.61546], [-46.66352, -23.61649], [-46.65684, -23.61969], [-46.6551, -23.62076], [-46.65461, -23.62203], [-46.65277, -23.62524], [-46.65159, -23.62801], [-46.65059, -23.62944], [-46.64818, -23.63017], [-46.64761, -23.63022], [-46.64756, -23.63044], [-46.64936, -23.6315], [-46.64926, -23.63165], [-46.6496, -23.63186], [-46.64966, -23.6333], [-46.64896, -23.63457], [-46.64951, -23.63483], [-46.64905, -23.63555], [-46.65025, -23.63584], [-46.65017, -23.63681], [-46.6511, -23.63873], [-46.65175, -23.63958], [-46.65261, -23.63957], [-46.65388, -23.64034]]]]}}, {"type": "Feature", "properties": {"name": "Campo Grande", "zona": "SUL", "zona_label": "Sul", "zona_color": "#8A63E8"}, "geometry": {"type": "MultiPolygon", "coordinates": [[[[-46.67023, -23.68839], [-46.67109, -23.68969], [-46.67187, -23.69054], [-46.67363, -23.69133], [-46.67385, -23.69188], [-46.67529, -23.69287], [-46.67572, -23.69305], [-46.67623, -23.6929], [-46.67708, -23.69299], [-46.6775, -23.69368], [-46.67902, -23.69512], [-46.68003, -23.69542], [-46.68069, -23.69525], [-46.6821, -23.69517], [-46.68301, -23.69539], [-46.68283, -23.69583], [-46.68308, -23.69576], [-46.6833, -23.69618], [-46.68287, -23.69646], [-46.68341, -23.69746], [-46.68367, -23.69766], [-46.68475, -23.69787], [-46.68497, -23.69836], [-46.6849, -23.69876], [-46.6856, -23.69991], [-46.6866, -23.69944], [-46.68802, -23.69848], [-46.68904, -23.69743], [-46.69587, -23.68715], [-46.69668, -23.68554], [-46.69848, -23.68254], [-46.69919, -23.6816], [-46.70185, -23.67892], [-46.70286, -23.67773], [-46.71039, -23.6651], [-46.70857, -23.66414], [-46.70555, -23.66139], [-46.70457, -23.66074], [-46.70064, -23.6596], [-46.69368, -23.65614], [-46.68978, -23.65378], [-46.68619, -23.65129], [-46.68548, -23.65119], [-46.68193, -23.65194], [-46.68042, -23.65281], [-46.67999, -23.65285], [-46.67952, -23.65271], [-46.67979, -23.65309], [-46.67986, -23.65355], [-46.67937, -23.66105], [-46.67811, -23.6653], [-46.67485, -23.66712], [-46.67392, -23.66742], [-46.67357, -23.6677], [-46.67338, -23.66833], [-46.6731, -23.66855], [-46.67186, -23.66917], [-46.67029, -23.66959], [-46.66924, -23.67069], [-46.66817, -23.67141], [-46.66881, -23.67192], [-46.67025, -23.67219], [-46.67038, -23.67249], [-46.66966, -23.67372], [-46.67059, -23.67749], [-46.67067, -23.67919], [-46.67052, -23.68028], [-46.66967, -23.68064], [-46.66975, -23.68168], [-46.67016, -23.68298], [-46.66988, -23.68438], [-46.67036, -23.6856], [-46.67042, -23.68732], [-46.66974, -23.68732], [-46.67023, -23.68839]]]]}}, {"type": "Feature", "properties": {"name": "Campo Limpo", "zona": "SUL", "zona_label": "Sul", "zona_color": "#8A63E8"}, "geometry": {"type": "MultiPolygon", "coordinates": [[[[-46.79274, -23.64733], [-46.79271, -23.64719], [-46.78948, -23.64486], [-46.78915, -23.6438], [-46.78875, -23.64308], [-46.78874, -23.64227], [-46.78827, -23.64134], [-46.78783, -23.64083], [-46.78659, -23.63986], [-46.78543, -23.63971], [-46.78492, -23.6384], [-46.78278, -23.63763], [-46.78133, -23.63766], [-46.78086, -23.63716], [-46.77744, -23.63513], [-46.77771, -23.63412], [-46.77629, -23.6307], [-46.77508, -23.63], [-46.77288, -23.62917], [-46.77205, -23.62828], [-46.77133, -23.6282], [-46.77036, -23.62764], [-46.76967, -23.62749], [-46.76913, -23.62716], [-46.76868, -23.62598], [-46.76749, -23.6239], [-46.76552, -23.62218], [-46.76513, -23.6213], [-46.7641, -23.6204], [-46.763, -23.61883], [-46.76221, -23.6184], [-46.761, -23.61742], [-46.76039, -23.61493], [-46.75964, -23.6146], [-46.75949, -23.61421], [-46.75872, -23.61361], [-46.75806, -23.61284], [-46.75646, -23.61219], [-46.75561, -23.61132], [-46.75404, -23.61157], [-46.75286, -23.61083], [-46.7524, -23.61041], [-46.75227, -23.60985], [-46.7517, -23.60876], [-46.75095, -23.61304], [-46.75023, -23.61614], [-46.74135, -23.63419], [-46.74188, -23.63577], [-46.74343, -23.63775], [-46.74482, -23.63889], [-46.74493, -23.6395], [-46.74594, -23.63962], [-46.74669, -23.64016], [-46.7469, -23.64067], [-46.74714, -23.64255], [-46.74767, -23.64331], [-46.74954, -23.64461], [-46.75062, -23.64519], [-46.75198, -23.64542], [-46.75314, -23.64589], [-46.75451, -23.64577], [-46.75547, -23.64588], [-46.75631, -23.64616], [-46.75704, -23.64663], [-46.75779, -23.64727], [-46.75818, -23.6478], [-46.7584, -23.64929], [-46.7587, -23.64986], [-46.76007, -23.65077], [-46.76088, -23.65184], [-46.76237, -23.6527], [-46.76387, -23.6542], [-46.76577, -23.65651], [-46.76754, -23.65553], [-46.76824, -23.65488], [-46.76852, -23.65441], [-46.77286, -23.65293], [-46.77341, -23.65211], [-46.77434, -23.65138], [-46.77579, -23.6512], [-46.77789, -23.65013], [-46.77784, -23.65112], [-46.77852, -23.65175], [-46.77829, -23.65254], [-46.77902, -23.65175], [-46.7797, -23.65132], [-46.78104, -23.65129], [-46.78156, -23.65092], [-46.78282, -23.65045], [-46.78345, -23.65036], [-46.78377, -23.65049], [-46.7846, -23.65025], [-46.78647, -23.64928], [-46.78722, -23.64849], [-46.78737, -23.64813], [-46.78958, -23.64715], [-46.79022, -23.6473], [-46.79079, -23.64768], [-46.79116, -23.64811], [-46.79164, -23.64932], [-46.79252, -23.64976], [-46.79232, -23.64914], [-46.79266, -23.64815], [-46.79274, -23.64733]]]]}}, {"type": "Feature", "properties": {"name": "Cangaiba", "zona": "LESTE", "zona_label": "Leste", "zona_color": "#9ADD41"}, "geometry": {"type": "MultiPolygon", "coordinates": [[[[-46.50605, -23.50895], [-46.50648, -23.50893], [-46.50702, -23.50932], [-46.5081, -23.50959], [-46.50872, -23.50943], [-46.50956, -23.50951], [-46.50988, -23.50991], [-46.51123, -23.51012], [-46.51196, -23.51062], [-46.51287, -23.51098], [-46.51375, -23.51099], [-46.51453, -23.51122], [-46.5169, -23.51209], [-46.51794, -23.51274], [-46.51884, -23.5131], [-46.51985, -23.51393], [-46.52078, -23.51417], [-46.52099, -23.51419], [-46.52255, -23.5135], [-46.52403, -23.51338], [-46.52741, -23.51404], [-46.53223, -23.51461], [-46.53524, -23.51476], [-46.54082, -23.51388], [-46.54415, -23.51392], [-46.54582, -23.51421], [-46.5458, -23.5124], [-46.54726, -23.5093], [-46.54926, -23.50922], [-46.55, -23.50947], [-46.55051, -23.50987], [-46.55076, -23.50945], [-46.55109, -23.50703], [-46.54722, -23.5065], [-46.54565, -23.50566], [-46.54396, -23.50409], [-46.54191, -23.50174], [-46.54141, -23.50042], [-46.54104, -23.49993], [-46.53901, -23.49824], [-46.53576, -23.49596], [-46.53375, -23.49332], [-46.53173, -23.49238], [-46.52854, -23.4912], [-46.5261, -23.48909], [-46.52301, -23.4851], [-46.52176, -23.48433], [-46.52045, -23.48421], [-46.52003, -23.48405], [-46.51875, -23.48249], [-46.51836, -23.48221], [-46.51643, -23.48127], [-46.51293, -23.47987], [-46.5111, -23.47879], [-46.50779, -23.47842], [-46.50338, -23.47732], [-46.49998, -23.47701], [-46.50052, -23.47778], [-46.50029, -23.47803], [-46.5004, -23.47835], [-46.50026, -23.47884], [-46.4966, -23.48407], [-46.49671, -23.4844], [-46.49739, -23.48517], [-46.49807, -23.48538], [-46.5019, -23.48541], [-46.50293, -23.48556], [-46.50355, -23.4858], [-46.50418, -23.48623], [-46.50475, -23.48696], [-46.5056, -23.48903], [-46.50205, -23.48985], [-46.5008, -23.4907], [-46.49839, -23.49152], [-46.49816, -23.49451], [-46.49767, -23.49605], [-46.49633, -23.49778], [-46.4961, -23.49792], [-46.49579, -23.49789], [-46.49492, -23.49905], [-46.49387, -23.49992], [-46.49399, -23.50156], [-46.49382, -23.50402], [-46.49446, -23.50635], [-46.49434, -23.5067], [-46.49511, -23.50668], [-46.49598, -23.50691], [-46.49719, -23.5075], [-46.49802, -23.50749], [-46.49921, -23.50772], [-46.49993, -23.50751], [-46.50046, -23.5084], [-46.50127, -23.50879], [-46.50361, -23.50831], [-46.50522, -23.50852], [-46.50573, -23.50889], [-46.50605, -23.50895]]]]}}, {"type": "Feature", "properties": {"name": "Capão Redondo", "zona": "SUL", "zona_label": "Sul", "zona_color": "#8A63E8"}, "geometry": {"type": "MultiPolygon", "coordinates": [[[[-46.76864, -23.68143], [-46.76929, -23.68138], [-46.76931, -23.68083], [-46.77005, -23.68045], [-46.7702, -23.6797], [-46.77049, -23.67934], [-46.77259, -23.67815], [-46.77368, -23.67736], [-46.7739, -23.67686], [-46.7739, -23.67583], [-46.77521, -23.67626], [-46.77606, -23.6772], [-46.77664, -23.67832], [-46.77631, -23.67912], [-46.77656, -23.67993], [-46.78107, -23.68829], [-46.78171, -23.68812], [-46.7841, -23.68856], [-46.78458, -23.68884], [-46.78484, -23.68844], [-46.78475, -23.68773], [-46.7867, -23.6867], [-46.78893, -23.68577], [-46.78912, -23.68537], [-46.78973, -23.6859], [-46.78996, -23.68668], [-46.79047, -23.68494], [-46.79098, -23.68555], [-46.79095, -23.68592], [-46.79023, -23.68855], [-46.78936, -23.68987], [-46.78948, -23.69045], [-46.79105, -23.69259], [-46.79108, -23.69291], [-46.79052, -23.69403], [-46.79183, -23.69374], [-46.7912, -23.69426], [-46.79104, -23.69459], [-46.79182, -23.6943], [-46.79251, -23.6943], [-46.79359, -23.69377], [-46.79403, -23.69459], [-46.79467, -23.69433], [-46.79485, -23.69517], [-46.79508, -23.69552], [-46.79534, -23.69558], [-46.79598, -23.69543], [-46.79721, -23.69669], [-46.79802, -23.69667], [-46.79735, -23.69626], [-46.79705, -23.69584], [-46.79702, -23.69542], [-46.79713, -23.69542], [-46.79819, -23.69328], [-46.79881, -23.69118], [-46.79892, -23.69027], [-46.8015, -23.68656], [-46.80152, -23.68471], [-46.80096, -23.68349], [-46.80048, -23.68291], [-46.80036, -23.68225], [-46.79963, -23.6813], [-46.79982, -23.68069], [-46.80004, -23.67865], [-46.7999, -23.6782], [-46.79875, -23.67675], [-46.7985, -23.67506], [-46.79734, -23.674], [-46.79699, -23.67313], [-46.79671, -23.67302], [-46.79545, -23.67016], [-46.7954, -23.66902], [-46.79503, -23.66826], [-46.79514, -23.66778], [-46.79494, -23.66709], [-46.79502, -23.66682], [-46.7953, -23.66662], [-46.79548, -23.66529], [-46.79511, -23.665], [-46.7949, -23.66439], [-46.79456, -23.66405], [-46.79423, -23.66285], [-46.79453, -23.66178], [-46.79394, -23.66029], [-46.7942, -23.66017], [-46.79436, -23.6596], [-46.79414, -23.65909], [-46.79338, -23.65827], [-46.79336, -23.65677], [-46.793, -23.65639], [-46.79305, -23.65556], [-46.79188, -23.65202], [-46.79243, -23.64981], [-46.79164, -23.64932], [-46.79111, -23.64803], [-46.79022, -23.6473], [-46.78954, -23.64716], [-46.78737, -23.64813], [-46.78722, -23.64849], [-46.78647, -23.64928], [-46.78438, -23.65034], [-46.78377, -23.65049], [-46.78345, -23.65036], [-46.78282, -23.65045], [-46.78156, -23.65092], [-46.78104, -23.65129], [-46.77964, -23.65135], [-46.77902, -23.65175], [-46.77829, -23.65254], [-46.77852, -23.65175], [-46.77784, -23.65112], [-46.77789, -23.65013], [-46.77579, -23.6512], [-46.7744, -23.65135], [-46.77341, -23.65211], [-46.77286, -23.65293], [-46.76852, -23.65441], [-46.76824, -23.65488], [-46.76754, -23.65553], [-46.76577, -23.65651], [-46.76387, -23.6542], [-46.76237, -23.6527], [-46.76088, -23.65184], [-46.76007, -23.65077], [-46.7587, -23.64986], [-46.7584, -23.64929], [-46.75834, -23.64854], [-46.75462, -23.64855], [-46.75326, -23.64876], [-46.7527, -23.64906], [-46.75312, -23.65047], [-46.75323, -23.65136], [-46.75409, -23.65241], [-46.75474, -23.65361], [-46.75479, -23.65416], [-46.75505, -23.65434], [-46.75537, -23.65513], [-46.75675, -23.65711], [-46.75656, -23.65801], [-46.75703, -23.65854], [-46.75747, -23.65875], [-46.75789, -23.65931], [-46.75765, -23.66014], [-46.75817, -23.66134], [-46.75819, -23.66176], [-46.75887, -23.66237], [-46.75958, -23.66338], [-46.7608, -23.66423], [-46.76154, -23.66544], [-46.76174, -23.66599], [-46.76153, -23.66696], [-46.7615, -23.66814], [-46.7618, -23.66908], [-46.76207, -23.6693], [-46.76208, -23.67009], [-46.76256, -23.67183], [-46.76261, -23.6727], [-46.7632, -23.67335], [-46.7639, -23.67469], [-46.7642, -23.67474], [-46.76758, -23.67929], [-46.7683, -23.68073], [-46.76842, -23.68128], [-46.76864, -23.68143]]]]}}, {"type": "Feature", "properties": {"name": "Cidade Ademar", "zona": "SUL", "zona_label": "Sul", "zona_color": "#8A63E8"}, "geometry": {"type": "MultiPolygon", "coordinates": [[[[-46.66057, -23.68938], [-46.66115, -23.68971], [-46.66285, -23.68892], [-46.66349, -23.6891], [-46.66491, -23.68895], [-46.66569, -23.68917], [-46.66656, -23.68875], [-46.66747, -23.68861], [-46.6689, -23.68868], [-46.67009, -23.68812], [-46.66974, -23.68732], [-46.67042, -23.68732], [-46.67036, -23.6856], [-46.66989, -23.68453], [-46.67016, -23.68298], [-46.66975, -23.68168], [-46.66967, -23.68064], [-46.67052, -23.68028], [-46.67067, -23.67929], [-46.67059, -23.67749], [-46.66966, -23.67372], [-46.67038, -23.67249], [-46.67025, -23.67219], [-46.66881, -23.67192], [-46.66817, -23.67141], [-46.66924, -23.67069], [-46.67029, -23.66959], [-46.67186, -23.66917], [-46.6731, -23.66855], [-46.67338, -23.66833], [-46.67357, -23.6677], [-46.67392, -23.66742], [-46.67485, -23.66712], [-46.67811, -23.6653], [-46.67929, -23.66155], [-46.67986, -23.65377], [-46.67979, -23.65309], [-46.67258, -23.64413], [-46.67191, -23.64503], [-46.67073, -23.64718], [-46.66885, -23.65303], [-46.66835, -23.65367], [-46.66721, -23.65454], [-46.66635, -23.6556], [-46.66354, -23.65852], [-46.66323, -23.65913], [-46.66318, -23.66036], [-46.66298, -23.66086], [-46.66104, -23.66336], [-46.6599, -23.66433], [-46.65968, -23.66447], [-46.65941, -23.664], [-46.65932, -23.663], [-46.6582, -23.66313], [-46.65465, -23.66482], [-46.65327, -23.66609], [-46.6519, -23.6667], [-46.65119, -23.66753], [-46.65022, -23.66747], [-46.6494, -23.66782], [-46.64904, -23.66747], [-46.64876, -23.66741], [-46.64803, -23.66773], [-46.64562, -23.66921], [-46.64419, -23.67155], [-46.64334, -23.67088], [-46.64251, -23.67172], [-46.64132, -23.67137], [-46.63777, -23.67233], [-46.63535, -23.6735], [-46.63466, -23.67449], [-46.63358, -23.67514], [-46.63257, -23.67439], [-46.63253, -23.67374], [-46.63212, -23.67362], [-46.63161, -23.67375], [-46.63106, -23.67326], [-46.63101, -23.67344], [-46.63105, -23.67433], [-46.63079, -23.67535], [-46.63105, -23.67673], [-46.63048, -23.67714], [-46.63033, -23.67866], [-46.63059, -23.67994], [-46.63095, -23.68023], [-46.6323, -23.68068], [-46.63288, -23.68109], [-46.63346, -23.68183], [-46.63357, -23.68285], [-46.63301, -23.68451], [-46.63324, -23.68541], [-46.63322, -23.68619], [-46.63359, -23.68669], [-46.63386, -23.68802], [-46.635, -23.6888], [-46.63566, -23.68995], [-46.63564, -23.69053], [-46.63549, -23.69098], [-46.63513, -23.69133], [-46.63507, -23.69179], [-46.63529, -23.69181], [-46.63548, -23.69213], [-46.63602, -23.69252], [-46.63658, -23.69238], [-46.63619, -23.69317], [-46.63686, -23.69283], [-46.63765, -23.69268], [-46.6388, -23.69268], [-46.64026, -23.69355], [-46.64187, -23.69369], [-46.64316, -23.69434], [-46.64364, -23.69437], [-46.64384, -23.69462], [-46.6439, -23.69362], [-46.6446, -23.6923], [-46.64539, -23.69257], [-46.64604, -23.69167], [-46.64622, -23.69101], [-46.64844, -23.69061], [-46.64936, -23.69083], [-46.64995, -23.68877], [-46.6518, -23.6875], [-46.65225, -23.68701], [-46.65253, -23.68644], [-46.65313, -23.68584], [-46.65315, -23.68549], [-46.65293, -23.68504], [-46.66057, -23.68938]]]]}}, {"type": "Feature", "properties": {"name": "Cidade Tiradentes", "zona": "LESTE", "zona_label": "Leste", "zona_color": "#9ADD41"}, "geometry": {"type": "MultiPolygon", "coordinates": [[[[-46.39819, -23.61172], [-46.39863, -23.61144], [-46.39895, -23.61095], [-46.39983, -23.61046], [-46.40005, -23.60988], [-46.40087, -23.60957], [-46.40097, -23.60939], [-46.40182, -23.60885], [-46.40255, -23.60808], [-46.40289, -23.60797], [-46.40396, -23.60708], [-46.40435, -23.60694], [-46.40463, -23.60655], [-46.40451, -23.60628], [-46.40472, -23.60612], [-46.40491, -23.60562], [-46.40581, -23.6048], [-46.40632, -23.60454], [-46.40677, -23.60452], [-46.40704, -23.60418], [-46.40755, -23.60418], [-46.40833, -23.60353], [-46.41021, -23.60298], [-46.4105, -23.60278], [-46.41053, -23.60252], [-46.41196, -23.60235], [-46.41226, -23.60246], [-46.41273, -23.60202], [-46.41313, -23.60139], [-46.4136, -23.60099], [-46.41396, -23.59979], [-46.4147, -23.59875], [-46.41507, -23.59734], [-46.41627, -23.59495], [-46.41799, -23.59274], [-46.41709, -23.59154], [-46.41644, -23.58994], [-46.41519, -23.58877], [-46.41477, -23.5868], [-46.41477, -23.5856], [-46.41519, -23.58187], [-46.41548, -23.58201], [-46.41581, -23.58156], [-46.41585, -23.58073], [-46.41566, -23.57984], [-46.4158, -23.57909], [-46.41626, -23.578], [-46.4166, -23.57795], [-46.41672, -23.57766], [-46.41742, -23.57712], [-46.41775, -23.57658], [-46.41785, -23.57667], [-46.41836, -23.57655], [-46.41866, -23.5762], [-46.42071, -23.57538], [-46.42171, -23.57475], [-46.42326, -23.57297], [-46.42347, -23.5724], [-46.42306, -23.57122], [-46.42226, -23.57051], [-46.42198, -23.57], [-46.42172, -23.56898], [-46.42176, -23.56827], [-46.42152, -23.56711], [-46.42061, -23.56606], [-46.42, -23.5647], [-46.4197, -23.56434], [-46.4195, -23.56433], [-46.41877, -23.56381], [-46.41884, -23.56347], [-46.41866, -23.56334], [-46.41844, -23.56249], [-46.41827, -23.56237], [-46.41792, -23.56288], [-46.41586, -23.5628], [-46.41449, -23.56359], [-46.41401, -23.56321], [-46.41315, -23.56322], [-46.41253, -23.56292], [-46.41251, -23.56273], [-46.41155, -23.56263], [-46.41137, -23.56227], [-46.41104, -23.56214], [-46.4095, -23.56226], [-46.40574, -23.56346], [-46.40445, -23.56421], [-46.40187, -23.56684], [-46.39868, -23.56899], [-46.3967, -23.57001], [-46.39625, -23.57043], [-46.39464, -23.57033], [-46.39403, -23.57072], [-46.39359, -23.57135], [-46.39277, -23.57146], [-46.39046, -23.57091], [-46.38871, -23.57166], [-46.38813, -23.57181], [-46.38791, -23.57169], [-46.38748, -23.57187], [-46.38703, -23.57167], [-46.38579, -23.57162], [-46.38398, -23.57025], [-46.38344, -23.57009], [-46.38352, -23.57092], [-46.38311, -23.57186], [-46.3827, -23.57224], [-46.38194, -23.5723], [-46.3814, -23.57255], [-46.38102, -23.57369], [-46.37995, -23.57405], [-46.37899, -23.57412], [-46.37804, -23.57445], [-46.37784, -23.57471], [-46.37799, -23.57534], [-46.37838, -23.57586], [-46.37955, -23.57671], [-46.38039, -23.57699], [-46.3818, -23.57707], [-46.38361, -23.57788], [-46.38367, -23.57811], [-46.3835, -23.57851], [-46.38374, -23.57922], [-46.38348, -23.58034], [-46.38296, -23.5803], [-46.38197, -23.58074], [-46.37984, -23.58377], [-46.37984, -23.58513], [-46.37864, -23.58663], [-46.37776, -23.58735], [-46.3776, -23.58778], [-46.37759, -23.5889], [-46.37728, -23.58964], [-46.37748, -23.58965], [-46.37781, -23.58922], [-46.37867, -23.58876], [-46.38015, -23.58838], [-46.38079, -23.58881], [-46.38122, -23.5899], [-46.38248, -23.59132], [-46.38275, -23.59208], [-46.38296, -23.59436], [-46.38418, -23.59599], [-46.38432, -23.59652], [-46.38412, -23.59706], [-46.38309, -23.59803], [-46.38304, -23.59927], [-46.38312, -23.59951], [-46.38427, -23.60058], [-46.3853, -23.60074], [-46.38611, -23.60109], [-46.38719, -23.60085], [-46.3889, -23.60124], [-46.39015, -23.60198], [-46.39064, -23.6026], [-46.39079, -23.60323], [-46.39199, -23.603], [-46.39241, -23.60221], [-46.39268, -23.60192], [-46.39308, -23.60177], [-46.39355, -23.60171], [-46.39492, -23.60194], [-46.39539, -23.60224], [-46.39718, -23.60439], [-46.39944, -23.60588], [-46.39947, -23.60622], [-46.39903, -23.60643], [-46.39884, -23.60674], [-46.39852, -23.60808], [-46.39621, -23.60907], [-46.39479, -23.61216], [-46.39545, -23.61302], [-46.39554, -23.61408], [-46.39576, -23.61456], [-46.39624, -23.6152], [-46.39725, -23.61576], [-46.39785, -23.61627], [-46.39794, -23.61561], [-46.39753, -23.61526], [-46.39721, -23.61455], [-46.39713, -23.61394], [-46.39773, -23.61236], [-46.39819, -23.61172]]]]}}, {"type": "Feature", "properties": {"name": "Carrão", "zona": "LESTE", "zona_label": "Leste", "zona_color": "#9ADD41"}, "geometry": {"type": "MultiPolygon", "coordinates": [[[[-46.51981, -23.55244], [-46.51847, -23.55335], [-46.51715, -23.55513], [-46.51866, -23.55667], [-46.52154, -23.55842], [-46.52164, -23.55857], [-46.5209, -23.55905], [-46.52191, -23.56095], [-46.5223, -23.56234], [-46.52289, -23.56357], [-46.524, -23.56475], [-46.52639, -23.56632], [-46.52699, -23.56707], [-46.52766, -23.56848], [-46.52817, -23.56919], [-46.52875, -23.56977], [-46.52994, -23.57049], [-46.53054, -23.56934], [-46.53152, -23.56979], [-46.53132, -23.56895], [-46.53214, -23.56705], [-46.53246, -23.56668], [-46.53257, -23.5662], [-46.53109, -23.56351], [-46.53556, -23.56119], [-46.5356, -23.56187], [-46.5368, -23.56166], [-46.53713, -23.56212], [-46.53763, -23.56227], [-46.53858, -23.56173], [-46.54061, -23.56166], [-46.54055, -23.56121], [-46.54096, -23.56016], [-46.54327, -23.56092], [-46.54336, -23.56034], [-46.54548, -23.55485], [-46.54572, -23.55559], [-46.54684, -23.55533], [-46.54918, -23.55572], [-46.54953, -23.55468], [-46.54988, -23.55448], [-46.55038, -23.55445], [-46.55085, -23.5546], [-46.55281, -23.55627], [-46.55353, -23.55552], [-46.55402, -23.5554], [-46.55383, -23.55276], [-46.55596, -23.54473], [-46.55668, -23.54288], [-46.55819, -23.53691], [-46.54825, -23.5349], [-46.54753, -23.53712], [-46.54669, -23.53801], [-46.54439, -23.53907], [-46.53925, -23.54109], [-46.5387, -23.54119], [-46.53645, -23.54114], [-46.53535, -23.54144], [-46.53339, -23.54281], [-46.5297, -23.54453], [-46.52745, -23.54678], [-46.52551, -23.5482], [-46.524, -23.55004], [-46.51981, -23.55244]]]]}}, {"type": "Feature", "properties": {"name": "Casa Verde", "zona": "NORTE", "zona_label": "Norte", "zona_color": "#D97720"}, "geometry": {"type": "MultiPolygon", "coordinates": [[[[-46.65386, -23.5161], [-46.65395, -23.51676], [-46.671, -23.5147], [-46.6704, -23.50718], [-46.66993, -23.50658], [-46.66863, -23.50553], [-46.66768, -23.50383], [-46.66433, -23.49981], [-46.66374, -23.49845], [-46.6648, -23.49755], [-46.6663, -23.49666], [-46.66652, -23.49637], [-46.6665, -23.49574], [-46.66734, -23.49166], [-46.66665, -23.49154], [-46.66551, -23.49003], [-46.66572, -23.48912], [-46.66472, -23.4875], [-46.66487, -23.48601], [-46.66393, -23.48415], [-46.66295, -23.4835], [-46.66179, -23.48209], [-46.66072, -23.48241], [-46.65958, -23.48355], [-46.6592, -23.48374], [-46.65584, -23.48176], [-46.65529, -23.48176], [-46.65457, -23.48245], [-46.65323, -23.48442], [-46.65283, -23.48575], [-46.65284, -23.48643], [-46.65256, -23.48738], [-46.65126, -23.4888], [-46.65064, -23.49024], [-46.64889, -23.49243], [-46.64825, -23.49299], [-46.64878, -23.494], [-46.64517, -23.49612], [-46.6435, -23.50123], [-46.64122, -23.50478], [-46.64175, -23.50509], [-46.6423, -23.50566], [-46.64339, -23.50633], [-46.64907, -23.50745], [-46.64886, -23.50831], [-46.65011, -23.50886], [-46.64942, -23.50972], [-46.6505, -23.50981], [-46.64975, -23.51569], [-46.65234, -23.51627], [-46.65386, -23.5161]]]]}}, {"type": "Feature", "properties": {"name": "Cidade Dutra", "zona": "SUL", "zona_label": "Sul", "zona_color": "#8A63E8"}, "geometry": {"type": "MultiPolygon", "coordinates": [[[[-46.68834, -23.73631], [-46.68879, -23.73487], [-46.6887, -23.73358], [-46.68795, -23.73083], [-46.68857, -23.72978], [-46.68925, -23.72799], [-46.69148, -23.72604], [-46.69145, -23.7276], [-46.69159, -23.72866], [-46.69182, -23.72947], [-46.69269, -23.73119], [-46.70534, -23.7466], [-46.70633, -23.74802], [-46.70961, -23.7551], [-46.71157, -23.75983], [-46.71182, -23.76155], [-46.71193, -23.76844], [-46.7124, -23.76852], [-46.7128, -23.76726], [-46.71392, -23.76633], [-46.71733, -23.76581], [-46.71819, -23.76533], [-46.71835, -23.76544], [-46.71823, -23.76559], [-46.71834, -23.7657], [-46.71917, -23.76592], [-46.71997, -23.76579], [-46.72052, -23.766], [-46.72181, -23.7659], [-46.72338, -23.76621], [-46.72398, -23.76591], [-46.72475, -23.76599], [-46.72509, -23.76616], [-46.72529, -23.76607], [-46.72562, -23.76541], [-46.72594, -23.7651], [-46.72566, -23.76461], [-46.72522, -23.76427], [-46.72451, -23.76416], [-46.72469, -23.7638], [-46.72449, -23.76361], [-46.72492, -23.76349], [-46.72473, -23.76303], [-46.72506, -23.76309], [-46.7252, -23.76294], [-46.72501, -23.76148], [-46.72537, -23.7613], [-46.72493, -23.76102], [-46.72536, -23.76109], [-46.72549, -23.76096], [-46.72482, -23.75971], [-46.72485, -23.75897], [-46.72547, -23.75763], [-46.72745, -23.75587], [-46.72752, -23.75513], [-46.72683, -23.7535], [-46.72739, -23.75073], [-46.72757, -23.74785], [-46.72785, -23.74612], [-46.72969, -23.74014], [-46.72892, -23.73933], [-46.72833, -23.73759], [-46.72827, -23.73578], [-46.72853, -23.7294], [-46.7278, -23.72003], [-46.7272, -23.71804], [-46.72655, -23.7168], [-46.72546, -23.7152], [-46.72227, -23.71092], [-46.71753, -23.70987], [-46.71237, -23.70814], [-46.70815, -23.70641], [-46.70747, -23.70599], [-46.70679, -23.70531], [-46.70571, -23.70536], [-46.7036, -23.7052], [-46.70248, -23.70535], [-46.70005, -23.69624], [-46.69862, -23.69318], [-46.69738, -23.68918], [-46.69669, -23.68818], [-46.69562, -23.68753], [-46.68966, -23.69657], [-46.6887, -23.69784], [-46.68754, -23.69884], [-46.68581, -23.69982], [-46.68292, -23.70104], [-46.68014, -23.70188], [-46.67461, -23.70296], [-46.67326, -23.70355], [-46.67255, -23.70405], [-46.67194, -23.70498], [-46.67113, -23.70856], [-46.67044, -23.71042], [-46.66989, -23.71182], [-46.669, -23.71333], [-46.66807, -23.71463], [-46.66325, -23.71888], [-46.66592, -23.72181], [-46.66775, -23.72417], [-46.66971, -23.7277], [-46.6704, -23.72861], [-46.67113, -23.72894], [-46.67167, -23.72903], [-46.67397, -23.72913], [-46.6749, -23.72935], [-46.67583, -23.72983], [-46.67681, -23.73059], [-46.67737, -23.73071], [-46.67786, -23.73104], [-46.67904, -23.73145], [-46.67933, -23.73171], [-46.67996, -23.73189], [-46.68066, -23.73183], [-46.68078, -23.73218], [-46.68101, -23.7321], [-46.6812, -23.73258], [-46.68195, -23.73313], [-46.68265, -23.73391], [-46.68301, -23.73398], [-46.68321, -23.73526], [-46.68411, -23.73665], [-46.68644, -23.73818], [-46.6873, -23.73784], [-46.68807, -23.73709], [-46.68834, -23.73631]]]]}}, {"type": "Feature", "properties": {"name": "Cidade Lider", "zona": "LESTE", "zona_label": "Leste", "zona_color": "#9ADD41"}, "geometry": {"type": "MultiPolygon", "coordinates": [[[[-46.49161, -23.58147], [-46.49281, -23.58001], [-46.4939, -23.57918], [-46.49496, -23.57881], [-46.4977, -23.57869], [-46.4989, -23.5784], [-46.50042, -23.57762], [-46.50187, -23.5764], [-46.50295, -23.5751], [-46.50392, -23.57341], [-46.50412, -23.57255], [-46.50413, -23.57005], [-46.50443, -23.56906], [-46.50473, -23.56858], [-46.50696, -23.56639], [-46.50802, -23.56426], [-46.50877, -23.56325], [-46.51179, -23.56091], [-46.51603, -23.55668], [-46.51715, -23.55513], [-46.51408, -23.55389], [-46.5137, -23.55345], [-46.51302, -23.55213], [-46.51118, -23.55047], [-46.51049, -23.55027], [-46.50838, -23.55019], [-46.50688, -23.54919], [-46.50576, -23.54884], [-46.50496, -23.54887], [-46.50287, -23.54929], [-46.50088, -23.54986], [-46.4989, -23.54988], [-46.49766, -23.55026], [-46.49328, -23.55303], [-46.49199, -23.55352], [-46.48683, -23.55412], [-46.48503, -23.55468], [-46.48422, -23.55478], [-46.48367, -23.55471], [-46.48326, -23.55421], [-46.48239, -23.55373], [-46.48109, -23.55406], [-46.47958, -23.55324], [-46.47881, -23.55156], [-46.47908, -23.55144], [-46.47843, -23.55053], [-46.47755, -23.54874], [-46.47309, -23.54878], [-46.47326, -23.54912], [-46.4731, -23.54931], [-46.47226, -23.54989], [-46.47189, -23.55031], [-46.47135, -23.55035], [-46.46528, -23.54953], [-46.46357, -23.5488], [-46.46271, -23.54974], [-46.46279, -23.55027], [-46.4631, -23.55075], [-46.46298, -23.55111], [-46.46355, -23.55172], [-46.46364, -23.55244], [-46.46449, -23.55361], [-46.46452, -23.55459], [-46.46506, -23.55518], [-46.46552, -23.55522], [-46.4658, -23.55551], [-46.4663, -23.55737], [-46.46734, -23.55727], [-46.46853, -23.55766], [-46.47056, -23.55989], [-46.47177, -23.56058], [-46.47291, -23.56096], [-46.47438, -23.56082], [-46.47439, -23.56593], [-46.4747, -23.56776], [-46.47502, -23.5684], [-46.47569, -23.56884], [-46.47866, -23.56943], [-46.47966, -23.57003], [-46.48187, -23.56901], [-46.48232, -23.5698], [-46.48454, -23.5727], [-46.4848, -23.5735], [-46.48503, -23.57613], [-46.48666, -23.57763], [-46.48724, -23.57943], [-46.48788, -23.5804], [-46.48913, -23.58097], [-46.49097, -23.58225], [-46.49161, -23.58147]]]]}}, {"type": "Feature", "properties": {"name": "Consolação", "zona": "CENTRO", "zona_label": "Centro", "zona_color": "#E8DC4A"}, "geometry": {"type": "MultiPolygon", "coordinates": [[[[-46.65144, -23.55283], [-46.65568, -23.55507], [-46.65891, -23.55922], [-46.66291, -23.5557], [-46.66393, -23.5563], [-46.66531, -23.55647], [-46.67581, -23.55202], [-46.67404, -23.54836], [-46.67293, -23.54822], [-46.67233, -23.548], [-46.67027, -23.54649], [-46.66841, -23.54559], [-46.66679, -23.54513], [-46.66616, -23.54483], [-46.66408, -23.54003], [-46.66382, -23.53807], [-46.66343, -23.53705], [-46.66146, -23.53882], [-46.65836, -23.54066], [-46.65577, -23.54153], [-46.64767, -23.54175], [-46.64783, -23.54752], [-46.64631, -23.55084], [-46.64688, -23.55111], [-46.64717, -23.55161], [-46.64772, -23.55138], [-46.65031, -23.55223], [-46.65144, -23.55283]]]]}}, {"type": "Feature", "properties": {"name": "Cursino", "zona": "SUL", "zona_label": "Sul", "zona_color": "#8A63E8"}, "geometry": {"type": "MultiPolygon", "coordinates": [[[[-46.63038, -23.66527], [-46.63137, -23.66414], [-46.63065, -23.66369], [-46.63113, -23.66258], [-46.63222, -23.66127], [-46.63248, -23.65998], [-46.63288, -23.65977], [-46.6335, -23.65982], [-46.63404, -23.65485], [-46.63268, -23.6551], [-46.63233, -23.65356], [-46.63061, -23.65421], [-46.63044, -23.64951], [-46.62748, -23.64949], [-46.62561, -23.65001], [-46.62501, -23.64872], [-46.62351, -23.64847], [-46.62439, -23.64773], [-46.62497, -23.64662], [-46.626, -23.64523], [-46.62669, -23.64327], [-46.62679, -23.64229], [-46.62737, -23.64102], [-46.62729, -23.6384], [-46.6282, -23.63883], [-46.62981, -23.63856], [-46.63041, -23.63894], [-46.62978, -23.62886], [-46.62943, -23.62706], [-46.62794, -23.62201], [-46.62787, -23.61908], [-46.62709, -23.6151], [-46.62719, -23.61389], [-46.62812, -23.61096], [-46.62816, -23.60969], [-46.62794, -23.60896], [-46.62482, -23.60182], [-46.62129, -23.59501], [-46.62074, -23.59269], [-46.61999, -23.59261], [-46.6198, -23.59301], [-46.61993, -23.59382], [-46.61976, -23.59423], [-46.61827, -23.59539], [-46.61778, -23.59553], [-46.61732, -23.59547], [-46.61701, -23.5956], [-46.61683, -23.59624], [-46.61617, -23.59662], [-46.61596, -23.59701], [-46.61572, -23.59801], [-46.61614, -23.59904], [-46.615, -23.6017], [-46.614, -23.60769], [-46.61375, -23.60828], [-46.61244, -23.60916], [-46.61019, -23.60915], [-46.60873, -23.60961], [-46.60849, -23.60998], [-46.60856, -23.61097], [-46.60842, -23.61135], [-46.60752, -23.61207], [-46.60876, -23.6153], [-46.61234, -23.62274], [-46.61197, -23.62271], [-46.61164, -23.6252], [-46.6111, -23.62513], [-46.61114, -23.62577], [-46.61077, -23.62611], [-46.61048, -23.62693], [-46.61051, -23.62743], [-46.6103, -23.62779], [-46.61001, -23.62928], [-46.60949, -23.63033], [-46.60903, -23.63201], [-46.60896, -23.63308], [-46.60909, -23.63382], [-46.61011, -23.63523], [-46.61032, -23.63585], [-46.61085, -23.63631], [-46.61123, -23.6384], [-46.61166, -23.63959], [-46.61372, -23.64014], [-46.61382, -23.6404], [-46.61367, -23.64127], [-46.61253, -23.64266], [-46.61242, -23.64314], [-46.61253, -23.64383], [-46.61379, -23.64636], [-46.6134, -23.64853], [-46.61445, -23.65146], [-46.61377, -23.65397], [-46.61371, -23.65485], [-46.61572, -23.6577], [-46.61635, -23.65797], [-46.61723, -23.65734], [-46.61971, -23.65844], [-46.61996, -23.65931], [-46.62099, -23.65977], [-46.62157, -23.66029], [-46.62237, -23.66053], [-46.62278, -23.66131], [-46.62414, -23.66029], [-46.62507, -23.6593], [-46.62552, -23.65915], [-46.62632, -23.65945], [-46.62642, -23.65964], [-46.62638, -23.6606], [-46.62684, -23.66316], [-46.62678, -23.66598], [-46.62704, -23.66844], [-46.62817, -23.66981], [-46.6285, -23.67087], [-46.62884, -23.67117], [-46.63004, -23.67175], [-46.63063, -23.67267], [-46.63143, -23.67151], [-46.63221, -23.66985], [-46.63262, -23.66811], [-46.63279, -23.66651], [-46.63038, -23.66527]]]]}}, {"type": "Feature", "properties": {"name": "Grajaú", "zona": "SUL", "zona_label": "Sul", "zona_color": "#8A63E8"}, "geometry": {"type": "MultiPolygon", "coordinates": [[[[-46.70642, -23.7914], [-46.71164, -23.77697], [-46.71193, -23.77558], [-46.71199, -23.77451], [-46.71182, -23.76155], [-46.71165, -23.76015], [-46.71128, -23.75898], [-46.70961, -23.7551], [-46.70605, -23.74754], [-46.69269, -23.73119], [-46.69182, -23.72947], [-46.69159, -23.72866], [-46.69145, -23.7276], [-46.69148, -23.72604], [-46.68925, -23.72799], [-46.68857, -23.72978], [-46.68795, -23.73083], [-46.68866, -23.73312], [-46.68879, -23.73487], [-46.68807, -23.73709], [-46.6873, -23.73784], [-46.68644, -23.73818], [-46.68411, -23.73665], [-46.68321, -23.73526], [-46.68301, -23.73398], [-46.68265, -23.73391], [-46.68195, -23.73313], [-46.6812, -23.73258], [-46.68101, -23.7321], [-46.68078, -23.73218], [-46.68066, -23.73183], [-46.67996, -23.73189], [-46.67933, -23.73171], [-46.67904, -23.73145], [-46.67786, -23.73104], [-46.67737, -23.73071], [-46.67681, -23.73059], [-46.67583, -23.72983], [-46.6749, -23.72935], [-46.67397, -23.72913], [-46.67167, -23.72903], [-46.67113, -23.72894], [-46.6704, -23.72861], [-46.66971, -23.7277], [-46.66775, -23.72417], [-46.66592, -23.72181], [-46.66325, -23.71888], [-46.66099, -23.72088], [-46.65739, -23.72437], [-46.65205, -23.73079], [-46.65064, -23.73583], [-46.64924, -23.73964], [-46.64739, -23.75045], [-46.64696, -23.75366], [-46.64627, -23.7559], [-46.6455, -23.75722], [-46.62506, -23.7816], [-46.62401, -23.78306], [-46.62348, -23.78405], [-46.62305, -23.78525], [-46.62284, -23.78624], [-46.62309, -23.80351], [-46.62338, -23.80993], [-46.62325, -23.81135], [-46.62346, -23.8143], [-46.62436, -23.81877], [-46.62477, -23.81952], [-46.62716, -23.82157], [-46.62914, -23.82353], [-46.63244, -23.82725], [-46.63351, -23.82879], [-46.63408, -23.83078], [-46.63417, -23.83227], [-46.63406, -23.83415], [-46.63498, -23.83604], [-46.63512, -23.8385], [-46.63877, -23.83896], [-46.64073, -23.83939], [-46.64316, -23.84015], [-46.64608, -23.84156], [-46.64921, -23.84345], [-46.65211, -23.84574], [-46.65489, -23.8482], [-46.6567, -23.84924], [-46.65782, -23.84963], [-46.65893, -23.84976], [-46.66036, -23.84967], [-46.66326, -23.84928], [-46.66477, -23.84887], [-46.66617, -23.84822], [-46.66819, -23.84675], [-46.66896, -23.84644], [-46.67302, -23.84611], [-46.67672, -23.84678], [-46.67848, -23.84633], [-46.67926, -23.84629], [-46.68001, -23.84647], [-46.68128, -23.84716], [-46.6814, -23.84812], [-46.68187, -23.84968], [-46.68258, -23.8498], [-46.68256, -23.84948], [-46.68317, -23.84946], [-46.6834, -23.84963], [-46.68366, -23.84939], [-46.68486, -23.84934], [-46.68511, -23.84963], [-46.6855, -23.84962], [-46.68597, -23.84934], [-46.68601, -23.84956], [-46.68625, -23.84967], [-46.68584, -23.84966], [-46.68579, -23.84976], [-46.68607, -23.84988], [-46.68639, -23.85032], [-46.6868, -23.85048], [-46.68676, -23.8507], [-46.68697, -23.8507], [-46.68666, -23.85118], [-46.6868, -23.85141], [-46.68745, -23.85134], [-46.68812, -23.8518], [-46.68952, -23.85205], [-46.69145, -23.8515], [-46.69306, -23.84992], [-46.69361, -23.84885], [-46.69403, -23.84874], [-46.69456, -23.84537], [-46.69606, -23.84198], [-46.69678, -23.83406], [-46.69899, -23.8276], [-46.70163, -23.82253], [-46.70285, -23.8185], [-46.70305, -23.81719], [-46.703, -23.81612], [-46.70105, -23.80897], [-46.70094, -23.80688], [-46.7014, -23.80517], [-46.70642, -23.7914]]]]}}, {"type": "Feature", "properties": {"name": "Moema", "zona": "SUL", "zona_label": "Sul", "zona_color": "#8A63E8"}, "geometry": {"type": "MultiPolygon", "coordinates": [[[[-46.65717, -23.61257], [-46.66169, -23.6174], [-46.66387, -23.61635], [-46.66636, -23.6158], [-46.66744, -23.61539], [-46.67012, -23.61334], [-46.67352, -23.61171], [-46.67441, -23.6111], [-46.67584, -23.6093], [-46.67663, -23.60856], [-46.6751, -23.60481], [-46.67418, -23.60205], [-46.67388, -23.6001], [-46.67393, -23.59755], [-46.67307, -23.59534], [-46.67286, -23.5929], [-46.67245, -23.59049], [-46.67134, -23.58682], [-46.67022, -23.58414], [-46.66077, -23.57863], [-46.65357, -23.5721], [-46.65274, -23.57293], [-46.6506, -23.57409], [-46.65074, -23.57696], [-46.65093, -23.57751], [-46.65109, -23.57951], [-46.65081, -23.58003], [-46.64931, -23.58156], [-46.64918, -23.58257], [-46.6477, -23.58452], [-46.64763, -23.58592], [-46.64828, -23.58737], [-46.64806, -23.58864], [-46.64962, -23.59035], [-46.64979, -23.59077], [-46.6494, -23.59174], [-46.64803, -23.59267], [-46.64905, -23.5924], [-46.64999, -23.59238], [-46.65019, -23.59256], [-46.65048, -23.5934], [-46.65154, -23.60564], [-46.65181, -23.60661], [-46.65244, -23.60756], [-46.65717, -23.61257]]]]}}, {"type": "Feature", "properties": {"name": "Iguatemi", "zona": "LESTE", "zona_label": "Leste", "zona_color": "#9ADD41"}, "geometry": {"type": "MultiPolygon", "coordinates": [[[[-46.41393, -23.63626], [-46.41404, -23.63734], [-46.41463, -23.63828], [-46.41513, -23.63877], [-46.41555, -23.63967], [-46.41683, -23.6402], [-46.41761, -23.6407], [-46.41867, -23.6409], [-46.42027, -23.64098], [-46.42086, -23.64152], [-46.42127, -23.64236], [-46.42122, -23.6429], [-46.42135, -23.6432], [-46.42109, -23.64346], [-46.42109, -23.64366], [-46.423, -23.64425], [-46.42334, -23.64431], [-46.4237, -23.64419], [-46.42434, -23.64347], [-46.42447, -23.64299], [-46.42432, -23.64068], [-46.42458, -23.64008], [-46.42561, -23.6394], [-46.42637, -23.63837], [-46.42784, -23.6371], [-46.42921, -23.63678], [-46.43006, -23.63612], [-46.42996, -23.63578], [-46.43006, -23.63522], [-46.42954, -23.63343], [-46.42945, -23.6316], [-46.42923, -23.6312], [-46.42928, -23.6309], [-46.42981, -23.63038], [-46.42991, -23.63003], [-46.42912, -23.62843], [-46.4291, -23.62756], [-46.4293, -23.62708], [-46.43036, -23.62591], [-46.43076, -23.62506], [-46.43094, -23.62427], [-46.43235, -23.62278], [-46.43436, -23.62234], [-46.43497, -23.62166], [-46.43527, -23.62104], [-46.43952, -23.61873], [-46.44148, -23.61719], [-46.44361, -23.61657], [-46.44408, -23.61666], [-46.44449, -23.6164], [-46.44491, -23.61638], [-46.44596, -23.61665], [-46.44645, -23.61616], [-46.44719, -23.61586], [-46.44757, -23.6154], [-46.44792, -23.61524], [-46.4485, -23.61447], [-46.44917, -23.61394], [-46.44971, -23.61289], [-46.45016, -23.61238], [-46.45111, -23.61189], [-46.45203, -23.6112], [-46.45451, -23.61024], [-46.45512, -23.60985], [-46.45536, -23.60943], [-46.45551, -23.60865], [-46.45597, -23.60805], [-46.45534, -23.60697], [-46.45638, -23.60624], [-46.45652, -23.60534], [-46.4573, -23.60345], [-46.45741, -23.6032], [-46.45793, -23.60287], [-46.45821, -23.60232], [-46.45829, -23.60204], [-46.45816, -23.60144], [-46.45894, -23.60027], [-46.45927, -23.59925], [-46.45988, -23.59886], [-46.46106, -23.59876], [-46.4615, -23.59851], [-46.46171, -23.59755], [-46.4615, -23.59666], [-46.46069, -23.59783], [-46.46031, -23.59791], [-46.45949, -23.59781], [-46.4592, -23.59763], [-46.45923, -23.59711], [-46.45682, -23.59471], [-46.45597, -23.59419], [-46.45531, -23.59448], [-46.45443, -23.59388], [-46.45365, -23.59383], [-46.45199, -23.59331], [-46.4503, -23.5932], [-46.44907, -23.59336], [-46.44801, -23.59307], [-46.44653, -23.59318], [-46.44497, -23.59269], [-46.44384, -23.59278], [-46.44295, -23.5931], [-46.44274, -23.59294], [-46.44273, -23.5918], [-46.44189, -23.59148], [-46.44077, -23.5913], [-46.44057, -23.59133], [-46.44034, -23.59191], [-46.43978, -23.59165], [-46.43958, -23.59172], [-46.43922, -23.59231], [-46.43923, -23.59257], [-46.43812, -23.59345], [-46.43709, -23.59358], [-46.43665, -23.59309], [-46.43635, -23.59306], [-46.43528, -23.5939], [-46.43493, -23.59394], [-46.43323, -23.59363], [-46.43297, -23.59406], [-46.43254, -23.59409], [-46.43214, -23.5944], [-46.43168, -23.59454], [-46.43151, -23.59405], [-46.43085, -23.5939], [-46.43066, -23.59406], [-46.43066, -23.59453], [-46.42982, -23.59476], [-46.42909, -23.59463], [-46.42624, -23.59339], [-46.42544, -23.59348], [-46.42501, -23.59328], [-46.42306, -23.59325], [-46.42248, -23.59304], [-46.42192, -23.59303], [-46.42048, -23.59227], [-46.42019, -23.59194], [-46.41967, -23.59206], [-46.41935, -23.59232], [-46.41848, -23.59238], [-46.41791, -23.5928], [-46.41627, -23.59495], [-46.41507, -23.59734], [-46.4147, -23.59875], [-46.41396, -23.59979], [-46.4136, -23.60099], [-46.41313, -23.60139], [-46.41273, -23.60202], [-46.41226, -23.60246], [-46.41196, -23.60235], [-46.41053, -23.60252], [-46.4105, -23.60278], [-46.41021, -23.60298], [-46.40833, -23.60353], [-46.40755, -23.60418], [-46.40704, -23.60418], [-46.40677, -23.60452], [-46.40632, -23.60454], [-46.40581, -23.6048], [-46.40491, -23.60562], [-46.40472, -23.60612], [-46.40451, -23.60628], [-46.40463, -23.60655], [-46.40435, -23.60694], [-46.40396, -23.60708], [-46.40289, -23.60797], [-46.40255, -23.60808], [-46.40182, -23.60885], [-46.40097, -23.60939], [-46.40087, -23.60957], [-46.40005, -23.60988], [-46.39983, -23.61046], [-46.39895, -23.61095], [-46.39863, -23.61144], [-46.39819, -23.61172], [-46.39773, -23.61236], [-46.39713, -23.61394], [-46.39721, -23.61455], [-46.39753, -23.61526], [-46.3978, -23.61544], [-46.39796, -23.61579], [-46.39763, -23.61839], [-46.39769, -23.61872], [-46.39998, -23.62006], [-46.40073, -23.6215], [-46.4031, -23.62331], [-46.40344, -23.62336], [-46.40522, -23.62285], [-46.40604, -23.6228], [-46.40656, -23.62285], [-46.40689, -23.62311], [-46.4076, -23.62525], [-46.4078, -23.62636], [-46.40777, -23.62664], [-46.40673, -23.62874], [-46.40658, -23.62942], [-46.40656, -23.63052], [-46.40699, -23.63201], [-46.40742, -23.63229], [-46.40821, -23.63253], [-46.40882, -23.63313], [-46.41033, -23.63336], [-46.41067, -23.63354], [-46.41182, -23.63495], [-46.41216, -23.63514], [-46.41259, -23.63522], [-46.41359, -23.63511], [-46.41405, -23.63523], [-46.41436, -23.63549], [-46.41393, -23.63626]]]]}}, {"type": "Feature", "properties": {"name": "Itaim Paulista", "zona": "LESTE", "zona_label": "Leste", "zona_color": "#9ADD41"}, "geometry": {"type": "MultiPolygon", "coordinates": [[[[-46.3964, -23.52215], [-46.39658, -23.52291], [-46.39613, -23.52454], [-46.39693, -23.52473], [-46.39702, -23.52529], [-46.39768, -23.52446], [-46.39815, -23.52236], [-46.39871, -23.52155], [-46.3989, -23.51983], [-46.39926, -23.51903], [-46.40049, -23.51766], [-46.4015, -23.51677], [-46.40221, -23.51588], [-46.40199, -23.51524], [-46.40201, -23.51416], [-46.4013, -23.51329], [-46.40154, -23.51281], [-46.40136, -23.5119], [-46.40156, -23.51163], [-46.40339, -23.51038], [-46.40358, -23.5101], [-46.40397, -23.50906], [-46.40389, -23.50838], [-46.40465, -23.50657], [-46.40528, -23.50448], [-46.40577, -23.50327], [-46.4062, -23.50309], [-46.40639, -23.50286], [-46.40666, -23.50222], [-46.4067, -23.50141], [-46.40746, -23.50034], [-46.40752, -23.49977], [-46.40738, -23.49875], [-46.4069, -23.49695], [-46.40624, -23.49631], [-46.40551, -23.49414], [-46.3973, -23.49363], [-46.39586, -23.49315], [-46.39524, -23.49271], [-46.3903, -23.48754], [-46.38945, -23.48691], [-46.38076, -23.48248], [-46.37839, -23.48169], [-46.37692, -23.48484], [-46.3746, -23.48819], [-46.37363, -23.48994], [-46.37236, -23.49155], [-46.37176, -23.49209], [-46.37127, -23.49345], [-46.36994, -23.49502], [-46.36961, -23.49634], [-46.36958, -23.49699], [-46.36938, -23.49742], [-46.36784, -23.49939], [-46.3673, -23.4999], [-46.3667, -23.50143], [-46.36564, -23.5026], [-46.36531, -23.50317], [-46.36508, -23.50389], [-46.36518, -23.50533], [-46.36564, -23.50705], [-46.36577, -23.50829], [-46.36598, -23.50863], [-46.36582, -23.50999], [-46.36632, -23.51214], [-46.37067, -23.51121], [-46.37331, -23.51145], [-46.37536, -23.51296], [-46.37514, -23.51334], [-46.37431, -23.51409], [-46.37425, -23.51474], [-46.37455, -23.51548], [-46.37613, -23.51603], [-46.37889, -23.51628], [-46.37955, -23.51621], [-46.38047, -23.51658], [-46.38195, -23.51772], [-46.38251, -23.51849], [-46.38278, -23.51895], [-46.38308, -23.52038], [-46.38327, -23.52055], [-46.38447, -23.52075], [-46.38493, -23.5213], [-46.38527, -23.52149], [-46.38644, -23.5215], [-46.38656, -23.52163], [-46.38674, -23.52105], [-46.38842, -23.52128], [-46.38934, -23.52055], [-46.38972, -23.52076], [-46.39002, -23.52129], [-46.39106, -23.52163], [-46.395, -23.52154], [-46.3964, -23.52215]]]]}}, {"type": "Feature", "properties": {"name": "Ermelino Matarazzo", "zona": "LESTE", "zona_label": "Leste", "zona_color": "#9ADD41"}, "geometry": {"type": "MultiPolygon", "coordinates": [[[[-46.4931, -23.50674], [-46.49358, -23.50687], [-46.49361, -23.50652], [-46.4938, -23.50641], [-46.49434, -23.5067], [-46.49447, -23.50642], [-46.4938, -23.50385], [-46.49399, -23.50156], [-46.49387, -23.49992], [-46.49492, -23.49905], [-46.49579, -23.49789], [-46.4961, -23.49792], [-46.49633, -23.49778], [-46.49767, -23.49605], [-46.49816, -23.49451], [-46.49839, -23.49152], [-46.5008, -23.4907], [-46.50205, -23.48985], [-46.5056, -23.48903], [-46.50475, -23.48696], [-46.50418, -23.48623], [-46.50355, -23.4858], [-46.50293, -23.48556], [-46.5019, -23.48541], [-46.49807, -23.48538], [-46.49739, -23.48517], [-46.49671, -23.4844], [-46.4966, -23.48407], [-46.50026, -23.47884], [-46.5004, -23.47835], [-46.50029, -23.47803], [-46.50052, -23.47778], [-46.49998, -23.47701], [-46.4984, -23.47688], [-46.49598, -23.47631], [-46.49383, -23.476], [-46.48845, -23.47764], [-46.48518, -23.47702], [-46.48, -23.47691], [-46.4782, -23.47767], [-46.47609, -23.47798], [-46.47485, -23.47838], [-46.47131, -23.48024], [-46.46934, -23.48106], [-46.47026, -23.48406], [-46.46905, -23.4851], [-46.46772, -23.48839], [-46.46802, -23.48887], [-46.46963, -23.48926], [-46.46968, -23.49136], [-46.47026, -23.49388], [-46.47002, -23.49441], [-46.46899, -23.49491], [-46.46822, -23.4958], [-46.46764, -23.49913], [-46.46958, -23.50039], [-46.47088, -23.50173], [-46.47159, -23.50312], [-46.47397, -23.50503], [-46.47921, -23.50742], [-46.47974, -23.50748], [-46.48205, -23.5072], [-46.48452, -23.50737], [-46.48561, -23.50721], [-46.4907, -23.50758], [-46.49077, -23.50726], [-46.49284, -23.5067], [-46.4931, -23.50674]]]]}}, {"type": "Feature", "properties": {"name": "Freguesia Do Ó", "zona": "NORTE", "zona_label": "Norte", "zona_color": "#D97720"}, "geometry": {"type": "MultiPolygon", "coordinates": [[[[-46.68961, -23.50904], [-46.69425, -23.50812], [-46.69634, -23.50795], [-46.70564, -23.50873], [-46.70691, -23.49775], [-46.70735, -23.49667], [-46.70967, -23.49305], [-46.71071, -23.48679], [-46.71053, -23.48598], [-46.70948, -23.4848], [-46.70826, -23.48295], [-46.70815, -23.48253], [-46.70819, -23.48108], [-46.70753, -23.47886], [-46.70716, -23.47822], [-46.70786, -23.4779], [-46.71039, -23.4759], [-46.71064, -23.47449], [-46.71009, -23.47325], [-46.71033, -23.4724], [-46.7108, -23.47192], [-46.711, -23.47148], [-46.71063, -23.46992], [-46.71129, -23.46977], [-46.71169, -23.46939], [-46.71182, -23.46771], [-46.71203, -23.46685], [-46.71298, -23.46477], [-46.71362, -23.46439], [-46.7143, -23.46225], [-46.71277, -23.4617], [-46.71171, -23.46108], [-46.71119, -23.46114], [-46.7107, -23.46161], [-46.70979, -23.46154], [-46.70802, -23.46169], [-46.70482, -23.46133], [-46.70414, -23.46177], [-46.70385, -23.46154], [-46.7037, -23.46157], [-46.7013, -23.46289], [-46.70119, -23.46358], [-46.69733, -23.46834], [-46.69767, -23.46922], [-46.69679, -23.47012], [-46.69659, -23.47294], [-46.69625, -23.47291], [-46.69596, -23.47393], [-46.69624, -23.47554], [-46.69604, -23.47565], [-46.69573, -23.47627], [-46.69529, -23.47797], [-46.69407, -23.47762], [-46.69353, -23.4778], [-46.69347, -23.47802], [-46.69093, -23.47786], [-46.69095, -23.47769], [-46.68843, -23.47795], [-46.68856, -23.47848], [-46.68682, -23.47867], [-46.68649, -23.47891], [-46.68662, -23.47929], [-46.68596, -23.47948], [-46.68646, -23.4808], [-46.68439, -23.48132], [-46.68356, -23.48121], [-46.68274, -23.48091], [-46.68267, -23.4814], [-46.68229, -23.48107], [-46.682, -23.48044], [-46.68263, -23.47896], [-46.68259, -23.47843], [-46.68141, -23.47737], [-46.68066, -23.47708], [-46.6797, -23.47698], [-46.67781, -23.4773], [-46.67634, -23.47727], [-46.67484, -23.47637], [-46.67354, -23.47491], [-46.67278, -23.47431], [-46.67233, -23.4742], [-46.67113, -23.47445], [-46.67004, -23.4741], [-46.67011, -23.47464], [-46.67042, -23.47515], [-46.67199, -23.47606], [-46.6724, -23.47654], [-46.67344, -23.48011], [-46.67381, -23.48077], [-46.67452, -23.48128], [-46.6788, -23.48338], [-46.68334, -23.48806], [-46.68472, -23.4897], [-46.68518, -23.49083], [-46.68532, -23.4918], [-46.68445, -23.4962], [-46.68455, -23.49725], [-46.68689, -23.50131], [-46.68861, -23.50488], [-46.68961, -23.50904]]]]}}, {"type": "Feature", "properties": {"name": "Guaianases", "zona": "LESTE", "zona_label": "Leste", "zona_color": "#9ADD41"}, "geometry": {"type": "MultiPolygon", "coordinates": [[[[-46.41862, -23.56318], [-46.41886, -23.56355], [-46.41877, -23.56381], [-46.4195, -23.56433], [-46.4197, -23.56434], [-46.41979, -23.56453], [-46.4205, -23.56457], [-46.42174, -23.56412], [-46.42313, -23.56419], [-46.42375, -23.56403], [-46.42703, -23.56103], [-46.42688, -23.55986], [-46.42657, -23.55957], [-46.42622, -23.55837], [-46.42588, -23.558], [-46.42612, -23.55686], [-46.42579, -23.55608], [-46.42605, -23.55559], [-46.42593, -23.55521], [-46.42601, -23.55481], [-46.42534, -23.55437], [-46.42477, -23.5537], [-46.42445, -23.55358], [-46.42487, -23.55268], [-46.42628, -23.54818], [-46.42636, -23.547], [-46.42609, -23.54595], [-46.42538, -23.54484], [-46.42533, -23.54349], [-46.42481, -23.54266], [-46.42501, -23.54251], [-46.4231, -23.53954], [-46.42137, -23.54048], [-46.41871, -23.54163], [-46.41411, -23.54259], [-46.41246, -23.54318], [-46.4089, -23.54409], [-46.40098, -23.54641], [-46.39816, -23.54821], [-46.39557, -23.55104], [-46.39313, -23.55258], [-46.39315, -23.553], [-46.39287, -23.55349], [-46.39295, -23.55375], [-46.3926, -23.55399], [-46.39245, -23.55432], [-46.39257, -23.55538], [-46.39278, -23.55587], [-46.39228, -23.55663], [-46.39251, -23.55721], [-46.39199, -23.55785], [-46.39164, -23.55796], [-46.39161, -23.55846], [-46.39076, -23.55982], [-46.38994, -23.56012], [-46.38871, -23.56115], [-46.388, -23.56143], [-46.3876, -23.56141], [-46.38686, -23.56182], [-46.38486, -23.56228], [-46.38431, -23.56273], [-46.38355, -23.56266], [-46.3826, -23.56301], [-46.38185, -23.56282], [-46.38108, -23.56281], [-46.37987, -23.56247], [-46.37972, -23.56273], [-46.37986, -23.56365], [-46.38025, -23.56469], [-46.38204, -23.56601], [-46.38263, -23.56663], [-46.38269, -23.56707], [-46.38246, -23.56819], [-46.38279, -23.5686], [-46.38348, -23.56883], [-46.38372, -23.5691], [-46.38344, -23.57009], [-46.38398, -23.57025], [-46.38579, -23.57162], [-46.38703, -23.57167], [-46.38748, -23.57187], [-46.38791, -23.57169], [-46.38813, -23.57181], [-46.38871, -23.57166], [-46.39046, -23.57091], [-46.39277, -23.57146], [-46.39359, -23.57135], [-46.39403, -23.57072], [-46.39464, -23.57033], [-46.39516, -23.57044], [-46.39559, -23.57032], [-46.39598, -23.57047], [-46.39637, -23.57038], [-46.39662, -23.57006], [-46.39868, -23.56899], [-46.40187, -23.56684], [-46.40479, -23.56396], [-46.40574, -23.56346], [-46.40925, -23.56232], [-46.41118, -23.56217], [-46.41137, -23.56227], [-46.41155, -23.56263], [-46.41251, -23.56273], [-46.41253, -23.56292], [-46.41315, -23.56322], [-46.41401, -23.56321], [-46.41449, -23.56359], [-46.41586, -23.5628], [-46.41792, -23.56288], [-46.41827, -23.56237], [-46.41854, -23.56269], [-46.41862, -23.56318]]]]}}, {"type": "Feature", "properties": {"name": "Ipiranga", "zona": "SUL", "zona_label": "Sul", "zona_color": "#8A63E8"}, "geometry": {"type": "MultiPolygon", "coordinates": [[[[-46.60536, -23.60646], [-46.60752, -23.61207], [-46.60842, -23.61135], [-46.60856, -23.61097], [-46.60849, -23.60998], [-46.60873, -23.60961], [-46.61019, -23.60915], [-46.61244, -23.60916], [-46.61375, -23.60828], [-46.614, -23.60769], [-46.615, -23.6017], [-46.61614, -23.59904], [-46.61572, -23.59801], [-46.61596, -23.59701], [-46.61617, -23.59662], [-46.61683, -23.59624], [-46.61701, -23.5956], [-46.61732, -23.59547], [-46.61778, -23.59553], [-46.61827, -23.59539], [-46.61976, -23.59423], [-46.61993, -23.59382], [-46.6198, -23.59301], [-46.61993, -23.59264], [-46.62074, -23.59269], [-46.61966, -23.58778], [-46.61793, -23.58463], [-46.61761, -23.58413], [-46.61706, -23.58365], [-46.61503, -23.58303], [-46.61421, -23.58187], [-46.61811, -23.57903], [-46.618, -23.57871], [-46.61856, -23.57772], [-46.61828, -23.57717], [-46.61625, -23.57565], [-46.61574, -23.57506], [-46.6157, -23.57442], [-46.61493, -23.57394], [-46.61454, -23.5735], [-46.61445, -23.57299], [-46.6146, -23.57252], [-46.61392, -23.57184], [-46.61298, -23.57141], [-46.61226, -23.56878], [-46.61202, -23.56843], [-46.60934, -23.56728], [-46.60887, -23.56804], [-46.60828, -23.56848], [-46.60491, -23.56711], [-46.60454, -23.56735], [-46.60389, -23.56715], [-46.59545, -23.58485], [-46.59437, -23.58675], [-46.5793, -23.60467], [-46.58062, -23.61199], [-46.58309, -23.61102], [-46.58859, -23.61002], [-46.58944, -23.60972], [-46.59681, -23.60385], [-46.59854, -23.6015], [-46.59972, -23.60291], [-46.60061, -23.60359], [-46.60175, -23.60402], [-46.60267, -23.60389], [-46.60328, -23.60427], [-46.60487, -23.60578], [-46.60536, -23.60646]]]]}}, {"type": "Feature", "properties": {"name": "Itaim Bibi", "zona": "OESTE", "zona_label": "Oeste", "zona_color": "#CF4CC8"}, "geometry": {"type": "MultiPolygon", "coordinates": [[[[-46.68492, -23.62298], [-46.6873, -23.62635], [-46.68847, -23.62576], [-46.69125, -23.62581], [-46.69264, -23.62538], [-46.6959, -23.62375], [-46.69657, -23.62314], [-46.69843, -23.62091], [-46.70138, -23.62008], [-46.70078, -23.61844], [-46.69818, -23.60678], [-46.69229, -23.58992], [-46.69161, -23.58789], [-46.69149, -23.5867], [-46.6902, -23.58665], [-46.68967, -23.58638], [-46.6835, -23.58044], [-46.68011, -23.58054], [-46.67879, -23.58039], [-46.67332, -23.57717], [-46.67176, -23.57707], [-46.67106, -23.57685], [-46.67117, -23.57731], [-46.67016, -23.58303], [-46.67017, -23.58392], [-46.67134, -23.58682], [-46.67245, -23.59049], [-46.67286, -23.5929], [-46.67307, -23.59534], [-46.67393, -23.59755], [-46.67388, -23.6001], [-46.67418, -23.60205], [-46.67836, -23.61343], [-46.68492, -23.62298]]]]}}, {"type": "Feature", "properties": {"name": "Jabaquara", "zona": "SUL", "zona_label": "Sul", "zona_color": "#8A63E8"}, "geometry": {"type": "MultiPolygon", "coordinates": [[[[-46.63344, -23.67506], [-46.63358, -23.67514], [-46.63466, -23.67449], [-46.63535, -23.6735], [-46.63638, -23.67291], [-46.63784, -23.67231], [-46.64132, -23.67137], [-46.64251, -23.67172], [-46.64334, -23.67088], [-46.64419, -23.67155], [-46.64562, -23.66921], [-46.64803, -23.66773], [-46.64876, -23.66741], [-46.64904, -23.66747], [-46.6494, -23.66782], [-46.65022, -23.66747], [-46.65119, -23.66753], [-46.6519, -23.6667], [-46.65327, -23.66609], [-46.65465, -23.66482], [-46.6582, -23.66313], [-46.65932, -23.663], [-46.65938, -23.6639], [-46.65968, -23.66447], [-46.6603, -23.66402], [-46.66104, -23.66336], [-46.66311, -23.66064], [-46.6632, -23.65925], [-46.66347, -23.65861], [-46.66721, -23.65454], [-46.66835, -23.65367], [-46.66885, -23.65303], [-46.67073, -23.64718], [-46.67201, -23.64487], [-46.67095, -23.64464], [-46.67072, -23.64411], [-46.66992, -23.64353], [-46.66759, -23.64303], [-46.66776, -23.6424], [-46.66623, -23.64201], [-46.66627, -23.64183], [-46.66438, -23.64025], [-46.66246, -23.6382], [-46.66215, -23.63824], [-46.66083, -23.63901], [-46.66031, -23.6395], [-46.65995, -23.64092], [-46.65871, -23.64286], [-46.65652, -23.64086], [-46.65442, -23.64068], [-46.65288, -23.63968], [-46.65244, -23.63954], [-46.65175, -23.63958], [-46.6511, -23.63873], [-46.65017, -23.63681], [-46.65025, -23.63584], [-46.64905, -23.63555], [-46.64951, -23.63483], [-46.64896, -23.63457], [-46.64966, -23.6333], [-46.6496, -23.63186], [-46.64926, -23.63165], [-46.64936, -23.6315], [-46.64756, -23.63044], [-46.64761, -23.63022], [-46.647, -23.6308], [-46.64644, -23.63186], [-46.64535, -23.6307], [-46.64478, -23.63081], [-46.64419, -23.63073], [-46.64247, -23.62961], [-46.6415, -23.62929], [-46.64, -23.62925], [-46.63449, -23.62976], [-46.62982, -23.62919], [-46.63041, -23.63894], [-46.62981, -23.63856], [-46.6282, -23.63883], [-46.62729, -23.6384], [-46.62737, -23.64102], [-46.62679, -23.64229], [-46.62669, -23.64327], [-46.626, -23.64523], [-46.62497, -23.64662], [-46.62439, -23.64773], [-46.62351, -23.64847], [-46.62501, -23.64872], [-46.62561, -23.65001], [-46.62748, -23.64949], [-46.63044, -23.64951], [-46.63061, -23.65421], [-46.63233, -23.65356], [-46.63268, -23.6551], [-46.63404, -23.65485], [-46.6335, -23.65982], [-46.63288, -23.65977], [-46.63248, -23.65998], [-46.63222, -23.66127], [-46.63113, -23.66258], [-46.63065, -23.66369], [-46.63137, -23.66414], [-46.63038, -23.66527], [-46.63279, -23.66651], [-46.63262, -23.66811], [-46.63221, -23.66985], [-46.63143, -23.67151], [-46.63078, -23.67241], [-46.63108, -23.67286], [-46.63106, -23.67326], [-46.63146, -23.67368], [-46.63212, -23.67362], [-46.63253, -23.67374], [-46.63257, -23.67439], [-46.63344, -23.67506]]]]}}, {"type": "Feature", "properties": {"name": "Jaguaré", "zona": "OESTE", "zona_label": "Oeste", "zona_color": "#CF4CC8"}, "geometry": {"type": "MultiPolygon", "coordinates": [[[[-46.7476, -23.55865], [-46.74827, -23.55786], [-46.75032, -23.55651], [-46.75111, -23.55514], [-46.75147, -23.55486], [-46.75209, -23.55482], [-46.75504, -23.55578], [-46.75549, -23.55577], [-46.75581, -23.55558], [-46.7561, -23.55512], [-46.75861, -23.54883], [-46.75915, -23.54831], [-46.76065, -23.546], [-46.76052, -23.54281], [-46.75964, -23.53871], [-46.75979, -23.53769], [-46.76046, -23.53666], [-46.76062, -23.53596], [-46.75994, -23.53267], [-46.76015, -23.53204], [-46.76036, -23.52976], [-46.76018, -23.52936], [-46.75689, -23.52626], [-46.75661, -23.52579], [-46.75635, -23.52462], [-46.75393, -23.52532], [-46.75192, -23.52542], [-46.75121, -23.52614], [-46.74993, -23.5266], [-46.74947, -23.52717], [-46.74915, -23.52793], [-46.74875, -23.5319], [-46.74845, -23.53296], [-46.748, -23.53368], [-46.7425, -23.53868], [-46.73155, -23.54823], [-46.73255, -23.54982], [-46.73258, -23.552], [-46.73303, -23.55294], [-46.73353, -23.55351], [-46.73946, -23.55682], [-46.74191, -23.55705], [-46.74355, -23.55833], [-46.74428, -23.55849], [-46.74649, -23.55823], [-46.7476, -23.55865]]]]}}, {"type": "Feature", "properties": {"name": "Jaraguá", "zona": "NORTE", "zona_label": "Norte", "zona_color": "#D97720"}, "geometry": {"type": "MultiPolygon", "coordinates": [[[[-46.71206, -23.45452], [-46.7118, -23.4541], [-46.71185, -23.45384], [-46.71394, -23.45114], [-46.71451, -23.45077], [-46.71586, -23.45057], [-46.71582, -23.45113], [-46.71602, -23.45153], [-46.71657, -23.45187], [-46.7174, -23.4521], [-46.71783, -23.45255], [-46.71867, -23.45276], [-46.71892, -23.4536], [-46.71971, -23.454], [-46.72007, -23.45447], [-46.72048, -23.45675], [-46.72031, -23.45699], [-46.71933, -23.45716], [-46.71894, -23.45819], [-46.73616, -23.46263], [-46.74504, -23.46915], [-46.74543, -23.46855], [-46.74575, -23.46759], [-46.7458, -23.46675], [-46.7456, -23.46579], [-46.74669, -23.46559], [-46.7477, -23.4657], [-46.75053, -23.46651], [-46.7502, -23.46734], [-46.75055, -23.46748], [-46.75066, -23.46785], [-46.75176, -23.46932], [-46.75246, -23.46934], [-46.75311, -23.46901], [-46.75337, -23.4725], [-46.7532, -23.4732], [-46.75445, -23.47377], [-46.75683, -23.47316], [-46.7606, -23.47293], [-46.76119, -23.47358], [-46.76236, -23.47391], [-46.76415, -23.4751], [-46.76542, -23.47683], [-46.76589, -23.47668], [-46.766, -23.47553], [-46.76647, -23.47583], [-46.76806, -23.47608], [-46.77036, -23.47366], [-46.77108, -23.47351], [-46.77163, -23.47371], [-46.77196, -23.47361], [-46.77222, -23.47377], [-46.77314, -23.4734], [-46.77337, -23.4728], [-46.7738, -23.47244], [-46.77511, -23.47179], [-46.77499, -23.4706], [-46.77576, -23.46879], [-46.77571, -23.46725], [-46.77531, -23.46668], [-46.77532, -23.4664], [-46.77511, -23.46603], [-46.77508, -23.46515], [-46.77482, -23.46444], [-46.77443, -23.46401], [-46.77278, -23.46307], [-46.77204, -23.46213], [-46.77196, -23.4619], [-46.77211, -23.46127], [-46.77145, -23.46049], [-46.77115, -23.45971], [-46.77059, -23.45928], [-46.76977, -23.45909], [-46.76924, -23.45864], [-46.76925, -23.45848], [-46.76984, -23.45799], [-46.77023, -23.45838], [-46.77204, -23.45876], [-46.7735, -23.46048], [-46.77373, -23.46151], [-46.77397, -23.46186], [-46.77643, -23.4647], [-46.77696, -23.46506], [-46.7779, -23.46498], [-46.77777, -23.46462], [-46.77736, -23.46423], [-46.77586, -23.46334], [-46.7757, -23.46303], [-46.7757, -23.46228], [-46.7751, -23.46091], [-46.77513, -23.45629], [-46.77358, -23.45628], [-46.77322, -23.45608], [-46.77009, -23.45344], [-46.77, -23.45307], [-46.76949, -23.45243], [-46.76931, -23.45166], [-46.76941, -23.44912], [-46.76931, -23.44871], [-46.76772, -23.44796], [-46.76694, -23.4472], [-46.76611, -23.44684], [-46.76583, -23.44639], [-46.76503, -23.44428], [-46.76516, -23.44356], [-46.7648, -23.44318], [-46.76454, -23.44212], [-46.76455, -23.44165], [-46.76503, -23.44015], [-46.76485, -23.43904], [-46.76425, -23.43788], [-46.7643, -23.43698], [-46.76487, -23.43603], [-46.76384, -23.4352], [-46.76324, -23.43382], [-46.76217, -23.43349], [-46.7616, -23.43313], [-46.76157, -23.43178], [-46.76008, -23.43169], [-46.75971, -23.43139], [-46.75858, -23.43191], [-46.74789, -23.43095], [-46.7478, -23.43043], [-46.74757, -23.43037], [-46.74751, -23.43007], [-46.74804, -23.42958], [-46.74797, -23.42927], [-46.74829, -23.42914], [-46.74803, -23.42898], [-46.74784, -23.42862], [-46.74772, -23.42871], [-46.74758, -23.42858], [-46.74763, -23.42763], [-46.74791, -23.42741], [-46.7477, -23.42716], [-46.74735, -23.42607], [-46.74744, -23.42562], [-46.74725, -23.42503], [-46.74708, -23.42487], [-46.74607, -23.42463], [-46.74545, -23.42425], [-46.74522, -23.42396], [-46.74515, -23.4235], [-46.74446, -23.42266], [-46.74387, -23.42227], [-46.7432, -23.42204], [-46.74321, -23.42138], [-46.7428, -23.42165], [-46.74206, -23.42169], [-46.74006, -23.42095], [-46.73887, -23.42103], [-46.73709, -23.42091], [-46.73706, -23.42113], [-46.73779, -23.42142], [-46.73797, -23.4217], [-46.73716, -23.42168], [-46.73643, -23.42143], [-46.73553, -23.42165], [-46.73454, -23.42158], [-46.73396, -23.42172], [-46.73323, -23.4222], [-46.73023, -23.42288], [-46.72982, -23.42314], [-46.72901, -23.42456], [-46.72886, -23.42431], [-46.72933, -23.42253], [-46.72854, -23.42202], [-46.72783, -23.42298], [-46.72711, -23.42336], [-46.72629, -23.42328], [-46.72496, -23.42258], [-46.72463, -23.4228], [-46.7237, -23.42291], [-46.72279, -23.42344], [-46.72272, -23.42371], [-46.72321, -23.42392], [-46.72382, -23.42392], [-46.72405, -23.42411], [-46.72423, -23.42458], [-46.72396, -23.42498], [-46.72378, -23.42568], [-46.72308, -23.42658], [-46.72294, -23.42765], [-46.72251, -23.42814], [-46.71888, -23.42642], [-46.71752, -23.4246], [-46.7169, -23.42292], [-46.71631, -23.42211], [-46.71529, -23.42184], [-46.71184, -23.42175], [-46.71109, -23.42156], [-46.70958, -23.42155], [-46.709, -23.42138], [-46.70871, -23.42098], [-46.70858, -23.42032], [-46.70828, -23.41654], [-46.70731, -23.41648], [-46.70646, -23.41662], [-46.70235, -23.41752], [-46.70029, -23.41724], [-46.7, -23.41757], [-46.69991, -23.41876], [-46.70043, -23.4223], [-46.70209, -23.42224], [-46.7029, -23.42241], [-46.70335, -23.4228], [-46.70356, -23.42357], [-46.70349, -23.42612], [-46.70272, -23.42954], [-46.70265, -23.43067], [-46.70323, -23.43672], [-46.70381, -23.43708], [-46.70484, -23.43716], [-46.70541, -23.43738], [-46.7064, -23.43722], [-46.70695, -23.43743], [-46.70789, -23.43813], [-46.70849, -23.43884], [-46.71048, -23.43934], [-46.71132, -23.43994], [-46.71175, -23.44053], [-46.71174, -23.44152], [-46.7113, -23.44245], [-46.71046, -23.44335], [-46.70955, -23.44398], [-46.70872, -23.44436], [-46.70812, -23.44442], [-46.70785, -23.44477], [-46.70712, -23.44501], [-46.70643, -23.44581], [-46.70624, -23.44621], [-46.70645, -23.44676], [-46.70618, -23.44775], [-46.70673, -23.44883], [-46.70675, -23.4497], [-46.70722, -23.45038], [-46.70726, -23.45112], [-46.70701, -23.45139], [-46.70772, -23.45171], [-46.70799, -23.45202], [-46.70834, -23.45213], [-46.70864, -23.45241], [-46.70928, -23.45267], [-46.71016, -23.45271], [-46.71047, -23.45288], [-46.7114, -23.45416], [-46.71166, -23.45441], [-46.71206, -23.45452]]]]}}, {"type": "Feature", "properties": {"name": "Jardim Ângela", "zona": "SUL", "zona_label": "Sul", "zona_color": "#8A63E8"}, "geometry": {"type": "MultiPolygon", "coordinates": [[[[-46.77275, -23.75193], [-46.77423, -23.75273], [-46.77569, -23.75299], [-46.7765, -23.75249], [-46.77654, -23.75167], [-46.77699, -23.7506], [-46.7781, -23.75058], [-46.7788, -23.74998], [-46.77964, -23.74978], [-46.78002, -23.74937], [-46.78078, -23.75051], [-46.78153, -23.75066], [-46.78175, -23.74995], [-46.78211, -23.75024], [-46.78316, -23.74876], [-46.78462, -23.74801], [-46.78485, -23.74804], [-46.78482, -23.74787], [-46.78579, -23.74758], [-46.78566, -23.74713], [-46.787, -23.74673], [-46.78734, -23.74695], [-46.78794, -23.74583], [-46.79004, -23.74425], [-46.79045, -23.74361], [-46.79056, -23.743], [-46.78997, -23.74171], [-46.78994, -23.7414], [-46.79008, -23.74119], [-46.79176, -23.74071], [-46.79297, -23.73994], [-46.79604, -23.73913], [-46.79567, -23.73564], [-46.79593, -23.73508], [-46.79695, -23.73398], [-46.79796, -23.7319], [-46.79848, -23.73112], [-46.79854, -23.72909], [-46.79828, -23.72855], [-46.79767, -23.72795], [-46.79549, -23.72673], [-46.79478, -23.72615], [-46.79429, -23.72468], [-46.7924, -23.7213], [-46.79243, -23.7209], [-46.79274, -23.72044], [-46.79252, -23.71983], [-46.79193, -23.71911], [-46.79181, -23.71833], [-46.79245, -23.71831], [-46.79259, -23.71658], [-46.79237, -23.71569], [-46.79245, -23.7143], [-46.79304, -23.71381], [-46.79323, -23.71334], [-46.79292, -23.71257], [-46.79287, -23.71174], [-46.79256, -23.7109], [-46.79291, -23.71059], [-46.79294, -23.70959], [-46.79287, -23.70943], [-46.79247, -23.70925], [-46.79248, -23.70779], [-46.79211, -23.70698], [-46.79212, -23.70624], [-46.79169, -23.70537], [-46.79129, -23.70491], [-46.79148, -23.70342], [-46.79172, -23.70314], [-46.79163, -23.70209], [-46.79149, -23.70175], [-46.79207, -23.70087], [-46.79271, -23.70047], [-46.7946, -23.7001], [-46.79522, -23.69956], [-46.7957, -23.69967], [-46.79645, -23.69952], [-46.79816, -23.69874], [-46.79999, -23.69848], [-46.80071, -23.69797], [-46.8008, -23.69772], [-46.79935, -23.69678], [-46.79841, -23.6966], [-46.79721, -23.69669], [-46.79602, -23.69545], [-46.7953, -23.69558], [-46.79501, -23.69546], [-46.79467, -23.69433], [-46.79403, -23.69459], [-46.79359, -23.69377], [-46.79251, -23.6943], [-46.79182, -23.6943], [-46.79104, -23.69459], [-46.7912, -23.69426], [-46.79183, -23.69374], [-46.79052, -23.69403], [-46.79108, -23.69291], [-46.79105, -23.69259], [-46.78948, -23.69045], [-46.78936, -23.68987], [-46.79023, -23.68855], [-46.79095, -23.68592], [-46.79098, -23.68555], [-46.79047, -23.68494], [-46.78996, -23.68668], [-46.78973, -23.6859], [-46.78912, -23.68537], [-46.78893, -23.68577], [-46.7867, -23.6867], [-46.78475, -23.68773], [-46.78484, -23.68844], [-46.78458, -23.68884], [-46.7841, -23.68856], [-46.78171, -23.68812], [-46.78107, -23.68829], [-46.77656, -23.67993], [-46.77631, -23.67912], [-46.77664, -23.67832], [-46.77606, -23.6772], [-46.77521, -23.67626], [-46.7739, -23.67583], [-46.7739, -23.67686], [-46.77368, -23.67736], [-46.77259, -23.67815], [-46.77049, -23.67934], [-46.7702, -23.6797], [-46.77005, -23.68045], [-46.76931, -23.68083], [-46.76929, -23.68138], [-46.76855, -23.68141], [-46.76758, -23.67929], [-46.7642, -23.67474], [-46.7639, -23.67469], [-46.7632, -23.67335], [-46.76261, -23.6727], [-46.76256, -23.67183], [-46.76207, -23.66987], [-46.76183, -23.66987], [-46.76062, -23.67054], [-46.75992, -23.67136], [-46.75972, -23.67275], [-46.75896, -23.67443], [-46.75874, -23.67575], [-46.75579, -23.67536], [-46.75367, -23.6758], [-46.75089, -23.67591], [-46.74941, -23.67627], [-46.74973, -23.67788], [-46.75021, -23.67859], [-46.75033, -23.67933], [-46.75025, -23.67957], [-46.74945, -23.6802], [-46.74885, -23.68144], [-46.74923, -23.68277], [-46.7512, -23.68472], [-46.75209, -23.68513], [-46.75296, -23.68588], [-46.75358, -23.6867], [-46.75254, -23.68819], [-46.75241, -23.6887], [-46.75161, -23.69007], [-46.75157, -23.69071], [-46.75192, -23.69145], [-46.7535, -23.69257], [-46.75553, -23.69439], [-46.75644, -23.69721], [-46.75642, -23.6976], [-46.75598, -23.69865], [-46.75561, -23.69916], [-46.75525, -23.6994], [-46.75253, -23.70034], [-46.74933, -23.70097], [-46.75112, -23.70471], [-46.75058, -23.70492], [-46.75388, -23.71126], [-46.75086, -23.71195], [-46.74947, -23.71254], [-46.74792, -23.71345], [-46.74673, -23.71451], [-46.74133, -23.72211], [-46.7404, -23.72306], [-46.73875, -23.72419], [-46.73705, -23.72501], [-46.73457, -23.72581], [-46.72831, -23.72658], [-46.72853, -23.7294], [-46.72827, -23.73578], [-46.72833, -23.73759], [-46.72892, -23.73933], [-46.72969, -23.74014], [-46.73078, -23.74065], [-46.73608, -23.74181], [-46.74253, -23.74419], [-46.74356, -23.74434], [-46.74526, -23.74402], [-46.74818, -23.74151], [-46.75043, -23.73999], [-46.75222, -23.73934], [-46.75389, -23.73904], [-46.75845, -23.73866], [-46.75983, -23.73885], [-46.76124, -23.73922], [-46.76296, -23.74011], [-46.7639, -23.74109], [-46.76456, -23.74216], [-46.76501, -23.74361], [-46.76528, -23.74652], [-46.76526, -23.751], [-46.7654, -23.75183], [-46.76583, -23.7528], [-46.76643, -23.75366], [-46.76696, -23.75423], [-46.76915, -23.75521], [-46.76935, -23.75383], [-46.76954, -23.75333], [-46.76993, -23.75291], [-46.77185, -23.75198], [-46.77275, -23.75193]]]]}}, {"type": "Feature", "properties": {"name": "Itaquera", "zona": "LESTE", "zona_label": "Leste", "zona_color": "#9ADD41"}, "geometry": {"type": "MultiPolygon", "coordinates": [[[[-46.47755, -23.54874], [-46.47746, -23.54753], [-46.47649, -23.5456], [-46.47527, -23.54411], [-46.47432, -23.54333], [-46.47324, -23.54038], [-46.47338, -23.54001], [-46.47419, -23.53933], [-46.47498, -23.53811], [-46.47516, -23.53757], [-46.47473, -23.53641], [-46.4741, -23.53554], [-46.47377, -23.53462], [-46.47349, -23.53236], [-46.47633, -23.51676], [-46.4754, -23.51729], [-46.47447, -23.51878], [-46.4742, -23.519], [-46.47094, -23.51946], [-46.47007, -23.51918], [-46.46951, -23.51875], [-46.46798, -23.51633], [-46.46768, -23.5161], [-46.46327, -23.51541], [-46.45526, -23.51536], [-46.45173, -23.5141], [-46.44372, -23.51347], [-46.44382, -23.51476], [-46.44359, -23.5161], [-46.44409, -23.52054], [-46.44389, -23.52121], [-46.44336, -23.52201], [-46.44329, -23.52277], [-46.44354, -23.52331], [-46.4449, -23.5243], [-46.44555, -23.52561], [-46.44479, -23.52601], [-46.4435, -23.52531], [-46.44164, -23.52515], [-46.4408, -23.5253], [-46.43941, -23.52585], [-46.43841, -23.526], [-46.43766, -23.52589], [-46.43516, -23.52497], [-46.43456, -23.52488], [-46.43394, -23.52496], [-46.4333, -23.52522], [-46.43241, -23.52633], [-46.43036, -23.53045], [-46.42937, -23.53344], [-46.42996, -23.53368], [-46.43199, -23.53406], [-46.43333, -23.53456], [-46.43398, -23.53509], [-46.43639, -23.53604], [-46.43675, -23.53636], [-46.43789, -23.5367], [-46.43803, -23.53741], [-46.43933, -23.53937], [-46.43956, -23.54], [-46.43913, -23.5429], [-46.44082, -23.54334], [-46.44549, -23.54618], [-46.44493, -23.54873], [-46.44505, -23.55144], [-46.44488, -23.55481], [-46.44515, -23.55698], [-46.4463, -23.55653], [-46.45148, -23.55632], [-46.45987, -23.55146], [-46.46006, -23.55173], [-46.46224, -23.55047], [-46.4631, -23.55075], [-46.46279, -23.55027], [-46.4627, -23.54978], [-46.46357, -23.5488], [-46.46528, -23.54953], [-46.47135, -23.55035], [-46.47189, -23.55031], [-46.47226, -23.54989], [-46.4731, -23.54931], [-46.47326, -23.54912], [-46.47309, -23.54878], [-46.47755, -23.54874]]]]}}, {"type": "Feature", "properties": {"name": "Jaçanã", "zona": "NORTE", "zona_label": "Norte", "zona_color": "#D97720"}, "geometry": {"type": "MultiPolygon", "coordinates": [[[[-46.5826, -23.4771], [-46.58294, -23.47774], [-46.58349, -23.4781], [-46.58481, -23.477], [-46.58454, -23.47553], [-46.58471, -23.47467], [-46.58507, -23.47397], [-46.58922, -23.46987], [-46.58963, -23.47001], [-46.59025, -23.46807], [-46.59163, -23.46863], [-46.59238, -23.46852], [-46.59374, -23.46797], [-46.5955, -23.46672], [-46.59488, -23.46573], [-46.59404, -23.46594], [-46.59366, -23.46591], [-46.59196, -23.46419], [-46.59072, -23.46342], [-46.59029, -23.46341], [-46.58984, -23.46382], [-46.58926, -23.46397], [-46.58865, -23.46395], [-46.58823, -23.46375], [-46.58685, -23.46185], [-46.58492, -23.45871], [-46.58457, -23.45839], [-46.58348, -23.45801], [-46.58258, -23.45752], [-46.5821, -23.45707], [-46.58493, -23.45642], [-46.58573, -23.45635], [-46.58574, -23.45619], [-46.58548, -23.45568], [-46.58519, -23.45552], [-46.58489, -23.45488], [-46.58363, -23.45339], [-46.58234, -23.45241], [-46.58174, -23.45125], [-46.58029, -23.45011], [-46.57953, -23.44902], [-46.57938, -23.44825], [-46.57816, -23.44808], [-46.57684, -23.44753], [-46.5765, -23.44751], [-46.57606, -23.4477], [-46.57542, -23.44844], [-46.57498, -23.44855], [-46.5748, -23.44735], [-46.57462, -23.447], [-46.57473, -23.44679], [-46.57439, -23.44565], [-46.57407, -23.44512], [-46.57384, -23.44368], [-46.57265, -23.44217], [-46.57287, -23.4418], [-46.57202, -23.44051], [-46.57062, -23.4393], [-46.57054, -23.43864], [-46.57004, -23.4384], [-46.56921, -23.43832], [-46.5686, -23.43766], [-46.56797, -23.43756], [-46.56831, -23.43527], [-46.56875, -23.43358], [-46.56956, -23.43142], [-46.57077, -23.42907], [-46.56993, -23.42873], [-46.56905, -23.42868], [-46.56705, -23.42988], [-46.56728, -23.43087], [-46.56837, -23.43223], [-46.5684, -23.43272], [-46.5682, -23.4329], [-46.56748, -23.43311], [-46.56731, -23.43366], [-46.56683, -23.43413], [-46.56656, -23.43501], [-46.56543, -23.43559], [-46.56491, -23.43571], [-46.56476, -23.43601], [-46.56502, -23.43676], [-46.56531, -23.43881], [-46.56511, -23.43999], [-46.56531, -23.44151], [-46.56558, -23.44176], [-46.56642, -23.44197], [-46.56675, -23.44239], [-46.56695, -23.44413], [-46.56674, -23.44497], [-46.56695, -23.44567], [-46.56699, -23.44666], [-46.56805, -23.44793], [-46.56864, -23.44951], [-46.56861, -23.44986], [-46.56826, -23.45046], [-46.56844, -23.45148], [-46.56909, -23.45241], [-46.56966, -23.45307], [-46.57017, -23.45342], [-46.57034, -23.45375], [-46.57029, -23.45595], [-46.57068, -23.45684], [-46.5705, -23.4587], [-46.57003, -23.45979], [-46.56928, -23.46072], [-46.56898, -23.46196], [-46.56783, -23.46463], [-46.56662, -23.46564], [-46.5663, -23.46645], [-46.56569, -23.46741], [-46.56548, -23.46851], [-46.56343, -23.47053], [-46.5617, -23.47278], [-46.56167, -23.47459], [-46.56102, -23.47563], [-46.56077, -23.47671], [-46.56079, -23.47791], [-46.56131, -23.4792], [-46.56101, -23.48147], [-46.56128, -23.48238], [-46.5612, -23.48334], [-46.56145, -23.48444], [-46.56111, -23.48732], [-46.56459, -23.48502], [-46.56478, -23.48464], [-46.56379, -23.48419], [-46.56478, -23.48464], [-46.57167, -23.47222], [-46.57203, -23.47268], [-46.5733, -23.47279], [-46.57365, -23.47319], [-46.57394, -23.47328], [-46.57493, -23.47335], [-46.57569, -23.47322], [-46.57653, -23.47355], [-46.57687, -23.47355], [-46.57759, -23.47389], [-46.57915, -23.47396], [-46.58014, -23.47466], [-46.58057, -23.47517], [-46.58144, -23.47568], [-46.58199, -23.47651], [-46.5826, -23.4771]]]]}}, {"type": "Feature", "properties": {"name": "Jaguara", "zona": "OESTE", "zona_label": "Oeste", "zona_color": "#CF4CC8"}, "geometry": {"type": "MultiPolygon", "coordinates": [[[[-46.74524, -23.51858], [-46.74646, -23.51961], [-46.74704, -23.52038], [-46.75083, -23.52077], [-46.75186, -23.52055], [-46.75316, -23.51964], [-46.75296, -23.51751], [-46.75304, -23.51714], [-46.75466, -23.51655], [-46.75679, -23.51632], [-46.75766, -23.51595], [-46.75782, -23.51564], [-46.75784, -23.51461], [-46.75747, -23.51395], [-46.75799, -23.51382], [-46.75798, -23.5131], [-46.75838, -23.51286], [-46.75891, -23.51284], [-46.75962, -23.51252], [-46.75981, -23.51182], [-46.76029, -23.51092], [-46.76114, -23.51042], [-46.76182, -23.51035], [-46.76206, -23.5101], [-46.76196, -23.50972], [-46.76116, -23.50966], [-46.7611, -23.50948], [-46.76183, -23.50909], [-46.76288, -23.50818], [-46.76397, -23.50641], [-46.76391, -23.50575], [-46.76252, -23.50379], [-46.7615, -23.50166], [-46.76035, -23.50103], [-46.75994, -23.5001], [-46.75971, -23.49991], [-46.75897, -23.49976], [-46.75802, -23.49991], [-46.75745, -23.49976], [-46.75726, -23.49944], [-46.75741, -23.49902], [-46.75742, -23.49824], [-46.75723, -23.49775], [-46.75624, -23.49668], [-46.75567, -23.49658], [-46.75548, -23.49638], [-46.75603, -23.49499], [-46.75728, -23.49447], [-46.75846, -23.49441], [-46.7587, -23.49416], [-46.75772, -23.49414], [-46.75674, -23.49438], [-46.75585, -23.49491], [-46.75518, -23.49563], [-46.75471, -23.49682], [-46.75455, -23.50115], [-46.75418, -23.50253], [-46.75362, -23.50352], [-46.752, -23.50555], [-46.75073, -23.50668], [-46.75001, -23.50703], [-46.74888, -23.50732], [-46.73345, -23.50859], [-46.73208, -23.5088], [-46.73048, -23.50932], [-46.72902, -23.51012], [-46.72786, -23.51116], [-46.72718, -23.51227], [-46.72641, -23.51469], [-46.73141, -23.51741], [-46.7327, -23.51775], [-46.73357, -23.51783], [-46.7422, -23.51756], [-46.74377, -23.51787], [-46.74524, -23.51858]]]]}}, {"type": "Feature", "properties": {"name": "Jardim Helena", "zona": "LESTE", "zona_label": "Leste", "zona_color": "#9ADD41"}, "geometry": {"type": "MultiPolygon", "coordinates": [[[[-46.42878, -23.4919], [-46.43585, -23.4912], [-46.43601, -23.48964], [-46.43527, -23.48837], [-46.43516, -23.48791], [-46.43532, -23.48615], [-46.43549, -23.48562], [-46.4373, -23.48355], [-46.44059, -23.48232], [-46.44084, -23.48217], [-46.44094, -23.4819], [-46.44028, -23.48062], [-46.4402, -23.47982], [-46.43994, -23.48001], [-46.43941, -23.48008], [-46.43764, -23.47983], [-46.435, -23.47846], [-46.43501, -23.47793], [-46.43593, -23.47736], [-46.43631, -23.47691], [-46.43649, -23.47618], [-46.43619, -23.47579], [-46.43553, -23.47573], [-46.43391, -23.47617], [-46.43347, -23.47644], [-46.43328, -23.47725], [-46.43129, -23.47794], [-46.43092, -23.4779], [-46.43077, -23.4775], [-46.43146, -23.47703], [-46.43164, -23.47642], [-46.43128, -23.47619], [-46.43034, -23.47637], [-46.42984, -23.47604], [-46.42978, -23.47566], [-46.43016, -23.47443], [-46.43005, -23.47367], [-46.42976, -23.47337], [-46.42706, -23.47201], [-46.42654, -23.47199], [-46.42478, -23.47274], [-46.4217, -23.47311], [-46.42095, -23.47364], [-46.41997, -23.47384], [-46.41889, -23.47439], [-46.41837, -23.47416], [-46.41855, -23.47349], [-46.41838, -23.47304], [-46.41749, -23.47246], [-46.4171, -23.47242], [-46.41623, -23.47288], [-46.4156, -23.47419], [-46.41503, -23.47438], [-46.41429, -23.47409], [-46.41404, -23.4736], [-46.4143, -23.47316], [-46.4152, -23.4729], [-46.41524, -23.47264], [-46.415, -23.47241], [-46.41351, -23.47124], [-46.41205, -23.47042], [-46.41136, -23.47048], [-46.41072, -23.47037], [-46.41025, -23.47055], [-46.41017, -23.47083], [-46.41038, -23.47122], [-46.4102, -23.47157], [-46.40857, -23.47207], [-46.4079, -23.47211], [-46.40761, -23.47262], [-46.40766, -23.47288], [-46.40803, -23.47326], [-46.40999, -23.47428], [-46.41015, -23.47467], [-46.41004, -23.47502], [-46.40849, -23.47547], [-46.40832, -23.4758], [-46.40836, -23.47644], [-46.40823, -23.47679], [-46.40694, -23.47772], [-46.40669, -23.47773], [-46.40641, -23.47751], [-46.40589, -23.47634], [-46.40537, -23.47628], [-46.4053, -23.47736], [-46.40441, -23.4782], [-46.40447, -23.47849], [-46.40558, -23.47884], [-46.40568, -23.47916], [-46.40541, -23.47954], [-46.40406, -23.48065], [-46.40396, -23.48103], [-46.40412, -23.48126], [-46.40449, -23.48142], [-46.40563, -23.48129], [-46.40613, -23.4815], [-46.4062, -23.48243], [-46.40663, -23.48382], [-46.40655, -23.48507], [-46.40635, -23.48552], [-46.40572, -23.48608], [-46.40487, -23.48612], [-46.4042, -23.4856], [-46.40408, -23.48496], [-46.40361, -23.48488], [-46.40239, -23.48579], [-46.40174, -23.48668], [-46.40143, -23.48686], [-46.40115, -23.48684], [-46.40096, -23.48666], [-46.40088, -23.48556], [-46.40011, -23.48423], [-46.39997, -23.48345], [-46.39939, -23.48297], [-46.39887, -23.48299], [-46.39754, -23.48424], [-46.39689, -23.48429], [-46.39627, -23.48388], [-46.39495, -23.48249], [-46.39326, -23.48124], [-46.3919, -23.48056], [-46.39141, -23.48067], [-46.39062, -23.48141], [-46.38895, -23.4823], [-46.38835, -23.48223], [-46.38767, -23.48189], [-46.38629, -23.47945], [-46.3869, -23.47784], [-46.38705, -23.47698], [-46.38689, -23.47631], [-46.38631, -23.47577], [-46.38673, -23.47502], [-46.38665, -23.47468], [-46.38607, -23.47447], [-46.38545, -23.47519], [-46.38497, -23.47545], [-46.38416, -23.47562], [-46.38364, -23.47553], [-46.38319, -23.47512], [-46.38316, -23.47477], [-46.38339, -23.47462], [-46.38408, -23.47452], [-46.38428, -23.47437], [-46.38428, -23.47415], [-46.3835, -23.47342], [-46.38324, -23.47291], [-46.38213, -23.47212], [-46.38194, -23.47209], [-46.38173, -23.47255], [-46.38166, -23.47382], [-46.38117, -23.47568], [-46.38036, -23.47658], [-46.37981, -23.47805], [-46.37868, -23.47882], [-46.37851, -23.47917], [-46.37857, -23.48102], [-46.37839, -23.48169], [-46.38076, -23.48248], [-46.38945, -23.48691], [-46.3903, -23.48754], [-46.39524, -23.49271], [-46.39586, -23.49315], [-46.39675, -23.49352], [-46.40016, -23.49382], [-46.40674, -23.49412], [-46.42878, -23.4919]]]]}}, {"type": "Feature", "properties": {"name": "Jardim Paulista", "zona": "OESTE", "zona_label": "Oeste", "zona_color": "#CF4CC8"}, "geometry": {"type": "MultiPolygon", "coordinates": [[[[-46.66404, -23.58058], [-46.67022, -23.58414], [-46.67016, -23.58303], [-46.67117, -23.57731], [-46.67106, -23.57685], [-46.67075, -23.57664], [-46.67759, -23.56857], [-46.67847, -23.56777], [-46.67656, -23.56538], [-46.67779, -23.56439], [-46.681, -23.55987], [-46.68266, -23.55703], [-46.68276, -23.55659], [-46.68253, -23.55605], [-46.68086, -23.55496], [-46.67952, -23.5537], [-46.67746, -23.55102], [-46.67581, -23.55202], [-46.67003, -23.55438], [-46.66555, -23.5564], [-46.66497, -23.5565], [-46.66432, -23.55641], [-46.66364, -23.55618], [-46.66291, -23.5557], [-46.65647, -23.56139], [-46.64894, -23.56764], [-46.65147, -23.57018], [-46.66077, -23.57863], [-46.66404, -23.58058]]]]}}, {"type": "Feature", "properties": {"name": "Jardim São Luís", "zona": "SUL", "zona_label": "Sul", "zona_color": "#8A63E8"}, "geometry": {"type": "MultiPolygon", "coordinates": [[[[-46.72682, -23.69577], [-46.72257, -23.70442], [-46.72187, -23.70645], [-46.72178, -23.70818], [-46.72188, -23.70972], [-46.72227, -23.71092], [-46.72546, -23.7152], [-46.72655, -23.7168], [-46.7272, -23.71804], [-46.7278, -23.72003], [-46.72831, -23.72658], [-46.73457, -23.72581], [-46.73705, -23.72501], [-46.73875, -23.72419], [-46.7404, -23.72306], [-46.74133, -23.72211], [-46.74673, -23.71451], [-46.74792, -23.71345], [-46.74947, -23.71254], [-46.75086, -23.71195], [-46.75388, -23.71126], [-46.75058, -23.70492], [-46.75112, -23.70471], [-46.74933, -23.70097], [-46.75253, -23.70034], [-46.75525, -23.6994], [-46.75561, -23.69916], [-46.75598, -23.69865], [-46.75642, -23.6976], [-46.75644, -23.69721], [-46.75553, -23.69439], [-46.7535, -23.69257], [-46.75192, -23.69145], [-46.75157, -23.69071], [-46.75161, -23.69007], [-46.75241, -23.6887], [-46.75254, -23.68819], [-46.75358, -23.6867], [-46.75296, -23.68588], [-46.75209, -23.68513], [-46.7512, -23.68472], [-46.74923, -23.68277], [-46.74885, -23.68144], [-46.74945, -23.6802], [-46.75025, -23.67957], [-46.75033, -23.67933], [-46.75021, -23.67859], [-46.74973, -23.67788], [-46.74941, -23.67627], [-46.75089, -23.67591], [-46.75367, -23.6758], [-46.75579, -23.67536], [-46.75874, -23.67575], [-46.75896, -23.67443], [-46.75972, -23.67275], [-46.75992, -23.67136], [-46.7604, -23.67074], [-46.76093, -23.67031], [-46.76165, -23.66993], [-46.76207, -23.66987], [-46.76207, -23.6693], [-46.7618, -23.66908], [-46.7615, -23.66814], [-46.76153, -23.66696], [-46.76174, -23.66599], [-46.76154, -23.66544], [-46.7608, -23.66423], [-46.75958, -23.66338], [-46.75887, -23.66237], [-46.75819, -23.66176], [-46.75817, -23.66134], [-46.75765, -23.66014], [-46.75789, -23.65931], [-46.75747, -23.65875], [-46.75703, -23.65854], [-46.75656, -23.65801], [-46.75675, -23.65711], [-46.75537, -23.65513], [-46.75505, -23.65434], [-46.75479, -23.65416], [-46.75474, -23.65361], [-46.75409, -23.65241], [-46.75323, -23.65136], [-46.75312, -23.65047], [-46.7527, -23.64906], [-46.75326, -23.64876], [-46.75462, -23.64855], [-46.75834, -23.64854], [-46.75818, -23.6478], [-46.75759, -23.64707], [-46.75631, -23.64616], [-46.7548, -23.64577], [-46.75314, -23.64589], [-46.75183, -23.64537], [-46.75081, -23.64526], [-46.74822, -23.64376], [-46.74748, -23.64311], [-46.74714, -23.64255], [-46.74683, -23.64042], [-46.74575, -23.64095], [-46.74314, -23.64179], [-46.74249, -23.64185], [-46.74164, -23.64173], [-46.73962, -23.64203], [-46.73791, -23.64263], [-46.73002, -23.64431], [-46.72632, -23.64461], [-46.72637, -23.64661], [-46.72614, -23.64785], [-46.72558, -23.64942], [-46.7246, -23.65085], [-46.71971, -23.65658], [-46.72123, -23.65722], [-46.72186, -23.65792], [-46.72492, -23.66876], [-46.72566, -23.66947], [-46.72727, -23.67055], [-46.72764, -23.67116], [-46.72679, -23.67401], [-46.72548, -23.68342], [-46.72543, -23.6857], [-46.72571, -23.68878], [-46.72601, -23.68999], [-46.72716, -23.69313], [-46.72734, -23.69434], [-46.72715, -23.69515], [-46.72682, -23.69577]]]]}}, {"type": "Feature", "properties": {"name": "Morumbi", "zona": "OESTE", "zona_label": "Oeste", "zona_color": "#CF4CC8"}, "geometry": {"type": "MultiPolygon", "coordinates": [[[[-46.72385, -23.61189], [-46.72791, -23.61149], [-46.72545, -23.6076], [-46.72507, -23.60446], [-46.72525, -23.603], [-46.7251, -23.60246], [-46.72465, -23.60197], [-46.72046, -23.59866], [-46.72012, -23.59823], [-46.72017, -23.598], [-46.72001, -23.59761], [-46.72045, -23.59451], [-46.72122, -23.59336], [-46.72196, -23.59042], [-46.72432, -23.58659], [-46.72044, -23.58515], [-46.7179, -23.58462], [-46.71686, -23.584], [-46.71269, -23.58221], [-46.71184, -23.5815], [-46.71055, -23.57955], [-46.70831, -23.57797], [-46.70662, -23.57448], [-46.70601, -23.57352], [-46.70349, -23.57234], [-46.70298, -23.57222], [-46.70189, -23.57234], [-46.70092, -23.57225], [-46.69741, -23.57555], [-46.69653, -23.57668], [-46.69201, -23.58467], [-46.69149, -23.5867], [-46.69161, -23.58789], [-46.69229, -23.58992], [-46.69818, -23.60678], [-46.70078, -23.61844], [-46.70138, -23.62008], [-46.70193, -23.61964], [-46.70203, -23.61915], [-46.70194, -23.6183], [-46.70241, -23.61792], [-46.70452, -23.61752], [-46.71226, -23.61671], [-46.7133, -23.6154], [-46.71403, -23.61389], [-46.71476, -23.61396], [-46.7152, -23.6138], [-46.71732, -23.61187], [-46.71795, -23.61153], [-46.71874, -23.61134], [-46.71957, -23.61134], [-46.72074, -23.61192], [-46.72151, -23.61207], [-46.72385, -23.61189]]]]}}, {"type": "Feature", "properties": {"name": "Penha", "zona": "LESTE", "zona_label": "Leste", "zona_color": "#9ADD41"}, "geometry": {"type": "MultiPolygon", "coordinates": [[[[-46.51565, -23.52868], [-46.51986, -23.5307], [-46.52089, -23.53106], [-46.52811, -23.53192], [-46.53202, -23.53149], [-46.53354, -23.53158], [-46.54839, -23.53447], [-46.54864, -23.53384], [-46.54915, -23.53335], [-46.55004, -23.53283], [-46.55137, -23.53234], [-46.55224, -23.53171], [-46.55554, -23.52677], [-46.55717, -23.52465], [-46.55823, -23.52293], [-46.55711, -23.52223], [-46.55659, -23.52173], [-46.55608, -23.52096], [-46.55571, -23.51988], [-46.55562, -23.51871], [-46.55632, -23.51547], [-46.55638, -23.51367], [-46.55593, -23.51127], [-46.55524, -23.50967], [-46.55454, -23.50879], [-46.55372, -23.50809], [-46.55246, -23.50744], [-46.55109, -23.50703], [-46.55076, -23.50945], [-46.55051, -23.50987], [-46.55, -23.50947], [-46.54926, -23.50922], [-46.54726, -23.5093], [-46.5458, -23.5124], [-46.54582, -23.51421], [-46.54415, -23.51392], [-46.54082, -23.51388], [-46.53608, -23.51469], [-46.53427, -23.51475], [-46.52741, -23.51404], [-46.5243, -23.51341], [-46.52313, -23.5134], [-46.52218, -23.5136], [-46.52142, -23.51394], [-46.51951, -23.51524], [-46.51484, -23.51753], [-46.51356, -23.51832], [-46.51281, -23.51898], [-46.51221, -23.51923], [-46.51053, -23.5195], [-46.50746, -23.52048], [-46.50369, -23.52061], [-46.49978, -23.52015], [-46.49588, -23.52127], [-46.49502, -23.52177], [-46.49423, -23.52312], [-46.49128, -23.52554], [-46.4899, -23.52741], [-46.48856, -23.5299], [-46.49255, -23.53384], [-46.49366, -23.53531], [-46.49482, -23.53516], [-46.4961, -23.53459], [-46.49742, -23.53347], [-46.4985, -23.53275], [-46.50587, -23.528], [-46.50712, -23.52747], [-46.50813, -23.52728], [-46.50951, -23.52735], [-46.51406, -23.52804], [-46.51565, -23.52868]]]]}}, {"type": "Feature", "properties": {"name": "Perdizes", "zona": "OESTE", "zona_label": "Oeste", "zona_color": "#CF4CC8"}, "geometry": {"type": "MultiPolygon", "coordinates": [[[[-46.6942, -23.54382], [-46.69478, -23.54321], [-46.69612, -23.54237], [-46.69717, -23.54075], [-46.69758, -23.53768], [-46.6976, -23.53663], [-46.69747, -23.53602], [-46.69792, -23.534], [-46.69715, -23.5348], [-46.6964, -23.535], [-46.696, -23.53494], [-46.69401, -23.53344], [-46.69366, -23.53278], [-46.69358, -23.53209], [-46.69297, -23.53222], [-46.69222, -23.53271], [-46.68748, -23.52606], [-46.68536, -23.52611], [-46.68528, -23.52365], [-46.68361, -23.52431], [-46.68265, -23.5249], [-46.68246, -23.52526], [-46.6823, -23.52631], [-46.67954, -23.52844], [-46.67288, -23.53228], [-46.66532, -23.53383], [-46.66343, -23.53499], [-46.6639, -23.53594], [-46.66343, -23.53705], [-46.66382, -23.53807], [-46.66402, -23.53981], [-46.66616, -23.54483], [-46.66679, -23.54513], [-46.66841, -23.54559], [-46.67027, -23.54649], [-46.67233, -23.548], [-46.67293, -23.54822], [-46.67404, -23.54836], [-46.67581, -23.55202], [-46.67826, -23.55047], [-46.67944, -23.54998], [-46.68136, -23.54967], [-46.68401, -23.54953], [-46.68593, -23.54805], [-46.68718, -23.54759], [-46.68826, -23.54761], [-46.68925, -23.54741], [-46.6932, -23.54475], [-46.6942, -23.54382]]]]}}, {"type": "Feature", "properties": {"name": "Raposo Tavares", "zona": "OESTE", "zona_label": "Oeste", "zona_color": "#CF4CC8"}, "geometry": {"type": "MultiPolygon", "coordinates": [[[[-46.80168, -23.60775], [-46.80462, -23.60885], [-46.80547, -23.60905], [-46.80641, -23.60917], [-46.80777, -23.60907], [-46.80744, -23.60836], [-46.8081, -23.60628], [-46.80752, -23.60488], [-46.8078, -23.60479], [-46.80775, -23.60432], [-46.80803, -23.60382], [-46.80876, -23.60331], [-46.80917, -23.60278], [-46.80868, -23.60235], [-46.80759, -23.60206], [-46.80805, -23.60159], [-46.80812, -23.60102], [-46.80891, -23.5999], [-46.809, -23.59865], [-46.80804, -23.59701], [-46.80752, -23.59573], [-46.80739, -23.59525], [-46.80756, -23.59455], [-46.80747, -23.5943], [-46.80664, -23.59368], [-46.80677, -23.59258], [-46.80652, -23.59156], [-46.80508, -23.58879], [-46.80562, -23.58731], [-46.80727, -23.58597], [-46.80738, -23.58565], [-46.80641, -23.58397], [-46.80494, -23.5841], [-46.80336, -23.58365], [-46.80264, -23.58357], [-46.80199, -23.58248], [-46.80182, -23.58247], [-46.80119, -23.58312], [-46.80079, -23.58333], [-46.80012, -23.58342], [-46.79874, -23.58301], [-46.79798, -23.5837], [-46.79686, -23.58266], [-46.79504, -23.58246], [-46.79473, -23.58217], [-46.79458, -23.58123], [-46.79348, -23.58054], [-46.79268, -23.58032], [-46.79245, -23.57955], [-46.79131, -23.57775], [-46.78993, -23.57733], [-46.78921, -23.57758], [-46.78859, -23.57753], [-46.78774, -23.57718], [-46.78731, -23.57673], [-46.78652, -23.57501], [-46.78567, -23.57433], [-46.78471, -23.57417], [-46.78229, -23.57474], [-46.78132, -23.57636], [-46.78148, -23.57686], [-46.77994, -23.57725], [-46.77938, -23.57786], [-46.77874, -23.57823], [-46.77833, -23.57872], [-46.77826, -23.57963], [-46.77785, -23.58018], [-46.77631, -23.58153], [-46.77592, -23.58227], [-46.77444, -23.58314], [-46.77246, -23.58301], [-46.77042, -23.58317], [-46.76746, -23.58466], [-46.76622, -23.58507], [-46.76137, -23.5857], [-46.758, -23.58642], [-46.75541, -23.5865], [-46.75555, -23.58714], [-46.75613, -23.58817], [-46.75611, -23.58838], [-46.7558, -23.58849], [-46.7554, -23.58948], [-46.75428, -23.5902], [-46.75362, -23.59103], [-46.754, -23.59134], [-46.75861, -23.59308], [-46.76011, -23.59396], [-46.76055, -23.59497], [-46.76069, -23.59492], [-46.76189, -23.59656], [-46.76322, -23.59802], [-46.76412, -23.59854], [-46.76697, -23.59911], [-46.76831, -23.60003], [-46.76884, -23.60026], [-46.77003, -23.60028], [-46.77201, -23.59972], [-46.77291, -23.59986], [-46.77402, -23.60056], [-46.77509, -23.60262], [-46.77539, -23.60296], [-46.77662, -23.603], [-46.77917, -23.6022], [-46.7794, -23.60238], [-46.78003, -23.6035], [-46.78069, -23.60405], [-46.78125, -23.60407], [-46.78317, -23.60361], [-46.78426, -23.60365], [-46.78562, -23.60443], [-46.78768, -23.60498], [-46.78857, -23.60603], [-46.78919, -23.60646], [-46.78987, -23.60629], [-46.79069, -23.60535], [-46.79141, -23.60527], [-46.79248, -23.60546], [-46.79389, -23.6064], [-46.79445, -23.60648], [-46.79623, -23.60504], [-46.79779, -23.60476], [-46.79844, -23.60484], [-46.79878, -23.60521], [-46.79933, -23.60714], [-46.7996, -23.6075], [-46.80003, -23.60777], [-46.80168, -23.60775]]]]}}, {"type": "Feature", "properties": {"name": "Rio Pequeno", "zona": "OESTE", "zona_label": "Oeste", "zona_color": "#CF4CC8"}, "geometry": {"type": "MultiPolygon", "coordinates": [[[[-46.75168, -23.58404], [-46.75181, -23.58469], [-46.75216, -23.58491], [-46.75348, -23.58435], [-46.75473, -23.58457], [-46.75536, -23.58559], [-46.75644, -23.58586], [-46.75705, -23.58649], [-46.75727, -23.58648], [-46.75835, -23.58637], [-46.76137, -23.5857], [-46.76622, -23.58507], [-46.76746, -23.58466], [-46.77042, -23.58317], [-46.77246, -23.58301], [-46.77444, -23.58314], [-46.77592, -23.58227], [-46.77631, -23.58153], [-46.77785, -23.58018], [-46.77826, -23.57963], [-46.77833, -23.57872], [-46.77874, -23.57823], [-46.77938, -23.57786], [-46.77994, -23.57725], [-46.78148, -23.57686], [-46.78132, -23.57636], [-46.78228, -23.57483], [-46.78229, -23.57474], [-46.78175, -23.57467], [-46.78134, -23.57347], [-46.77999, -23.57209], [-46.77984, -23.57114], [-46.7796, -23.57077], [-46.77915, -23.57073], [-46.77846, -23.57103], [-46.77728, -23.57087], [-46.77505, -23.57032], [-46.77417, -23.57035], [-46.77314, -23.57018], [-46.77305, -23.56928], [-46.77247, -23.56851], [-46.77193, -23.56505], [-46.77161, -23.56482], [-46.77041, -23.56473], [-46.76869, -23.56264], [-46.76821, -23.56248], [-46.76751, -23.56261], [-46.76693, -23.5631], [-46.76682, -23.56366], [-46.76665, -23.56377], [-46.7659, -23.56373], [-46.76509, -23.56325], [-46.76468, -23.5614], [-46.76446, -23.5612], [-46.76375, -23.56113], [-46.7636, -23.56096], [-46.76351, -23.55946], [-46.76332, -23.5592], [-46.76298, -23.55908], [-46.7624, -23.55817], [-46.76238, -23.55713], [-46.76223, -23.55676], [-46.76143, -23.55619], [-46.76023, -23.55501], [-46.75986, -23.55374], [-46.75938, -23.55302], [-46.75938, -23.55156], [-46.75999, -23.54985], [-46.75962, -23.5494], [-46.75879, -23.54898], [-46.75915, -23.54831], [-46.75852, -23.54901], [-46.7561, -23.55512], [-46.75567, -23.55568], [-46.75498, -23.55577], [-46.75209, -23.55482], [-46.75164, -23.5548], [-46.75111, -23.55514], [-46.75032, -23.55651], [-46.74827, -23.55786], [-46.7476, -23.55865], [-46.74649, -23.55823], [-46.74441, -23.55848], [-46.74155, -23.56263], [-46.74239, -23.56279], [-46.74331, -23.56341], [-46.74158, -23.56557], [-46.74247, -23.5662], [-46.7404, -23.56872], [-46.74134, -23.56938], [-46.73901, -23.57223], [-46.73541, -23.57407], [-46.73596, -23.57406], [-46.73735, -23.57363], [-46.7388, -23.57404], [-46.73975, -23.57508], [-46.74284, -23.57675], [-46.74333, -23.57777], [-46.74452, -23.57795], [-46.74498, -23.57817], [-46.74515, -23.57894], [-46.74545, -23.5791], [-46.74586, -23.57906], [-46.74677, -23.57848], [-46.74783, -23.57809], [-46.74845, -23.57803], [-46.74884, -23.57815], [-46.74959, -23.57901], [-46.74963, -23.5794], [-46.7494, -23.58011], [-46.75005, -23.58085], [-46.74945, -23.58205], [-46.74965, -23.58265], [-46.74959, -23.58322], [-46.75005, -23.58364], [-46.75078, -23.58342], [-46.75121, -23.58352], [-46.75167, -23.58389], [-46.75168, -23.58404]]]]}}, {"type": "Feature", "properties": {"name": "José Bonifácio", "zona": "LESTE", "zona_label": "Leste", "zona_color": "#9ADD41"}, "geometry": {"type": "MultiPolygon", "coordinates": [[[[-46.42368, -23.59323], [-46.42501, -23.59328], [-46.42544, -23.59348], [-46.42624, -23.59339], [-46.42909, -23.59463], [-46.42971, -23.59476], [-46.43066, -23.59453], [-46.43066, -23.59406], [-46.43085, -23.5939], [-46.43151, -23.59405], [-46.43168, -23.59454], [-46.43214, -23.5944], [-46.43254, -23.59409], [-46.43297, -23.59406], [-46.43323, -23.59363], [-46.43493, -23.59394], [-46.43528, -23.5939], [-46.43635, -23.59306], [-46.43665, -23.59309], [-46.43709, -23.59358], [-46.43812, -23.59345], [-46.43923, -23.59257], [-46.43922, -23.59231], [-46.43958, -23.59172], [-46.43978, -23.59165], [-46.44034, -23.59191], [-46.4406, -23.5913], [-46.4417, -23.59143], [-46.44268, -23.59176], [-46.44274, -23.59294], [-46.44295, -23.5931], [-46.44328, -23.59292], [-46.44449, -23.5927], [-46.44406, -23.5917], [-46.44298, -23.59013], [-46.44267, -23.58929], [-46.44262, -23.58842], [-46.44304, -23.58672], [-46.44307, -23.58599], [-46.44289, -23.58516], [-46.44214, -23.58357], [-46.44207, -23.58231], [-46.44329, -23.57788], [-46.44507, -23.5747], [-46.44669, -23.57105], [-46.44714, -23.56965], [-46.44712, -23.56895], [-46.44645, -23.5658], [-46.44571, -23.56054], [-46.44546, -23.55681], [-46.44515, -23.55698], [-46.44488, -23.55481], [-46.44505, -23.55144], [-46.44493, -23.54873], [-46.44549, -23.54618], [-46.44082, -23.54334], [-46.43913, -23.5429], [-46.43956, -23.54], [-46.43933, -23.53937], [-46.43803, -23.53741], [-46.43789, -23.5367], [-46.43675, -23.53636], [-46.43639, -23.53604], [-46.43398, -23.53509], [-46.43333, -23.53456], [-46.43199, -23.53406], [-46.42996, -23.53368], [-46.42937, -23.53344], [-46.42863, -23.53459], [-46.42549, -23.53674], [-46.42396, -23.53856], [-46.42301, -23.53938], [-46.42501, -23.54251], [-46.42481, -23.54266], [-46.42533, -23.54349], [-46.42538, -23.54484], [-46.42609, -23.54595], [-46.42636, -23.547], [-46.42628, -23.54818], [-46.42487, -23.55268], [-46.42445, -23.55358], [-46.42477, -23.5537], [-46.42534, -23.55437], [-46.42601, -23.55481], [-46.42593, -23.55521], [-46.42605, -23.55559], [-46.42579, -23.55608], [-46.42612, -23.55686], [-46.42588, -23.558], [-46.42622, -23.55837], [-46.42657, -23.55957], [-46.42688, -23.55986], [-46.42703, -23.56103], [-46.42375, -23.56403], [-46.42306, -23.56421], [-46.42174, -23.56412], [-46.4205, -23.56457], [-46.41979, -23.56453], [-46.42, -23.5647], [-46.42061, -23.56606], [-46.42152, -23.56711], [-46.42176, -23.56827], [-46.42172, -23.56898], [-46.42198, -23.57], [-46.42226, -23.57051], [-46.42306, -23.57122], [-46.42346, -23.57261], [-46.42171, -23.57475], [-46.42071, -23.57538], [-46.41866, -23.5762], [-46.41836, -23.57655], [-46.41785, -23.57667], [-46.41775, -23.57658], [-46.41742, -23.57712], [-46.41672, -23.57766], [-46.4166, -23.57795], [-46.41626, -23.578], [-46.4158, -23.57909], [-46.41566, -23.57984], [-46.41585, -23.58073], [-46.41579, -23.58164], [-46.41548, -23.58201], [-46.4152, -23.58183], [-46.41488, -23.58443], [-46.41474, -23.58651], [-46.41519, -23.58877], [-46.41644, -23.58994], [-46.41709, -23.59154], [-46.41799, -23.59274], [-46.41848, -23.59238], [-46.41935, -23.59232], [-46.41967, -23.59206], [-46.42019, -23.59194], [-46.42048, -23.59227], [-46.42192, -23.59303], [-46.42248, -23.59304], [-46.42306, -23.59325], [-46.42368, -23.59323]]]]}}, {"type": "Feature", "properties": {"name": "Lapa", "zona": "OESTE", "zona_label": "Oeste", "zona_color": "#CF4CC8"}, "geometry": {"type": "MultiPolygon", "coordinates": [[[[-46.71422, -23.53528], [-46.71859, -23.53593], [-46.71929, -23.53648], [-46.71913, -23.53614], [-46.71915, -23.53558], [-46.71949, -23.53312], [-46.71916, -23.53199], [-46.72007, -23.5289], [-46.71988, -23.52866], [-46.72009, -23.52756], [-46.72085, -23.52631], [-46.72216, -23.52181], [-46.72213, -23.52147], [-46.72359, -23.51966], [-46.72348, -23.51939], [-46.72482, -23.51851], [-46.72536, -23.5179], [-46.72641, -23.51469], [-46.72404, -23.51336], [-46.72304, -23.51265], [-46.72223, -23.51174], [-46.72097, -23.50982], [-46.72036, -23.5092], [-46.71917, -23.50852], [-46.7179, -23.50814], [-46.71625, -23.50811], [-46.7068, -23.5088], [-46.69659, -23.50795], [-46.69468, -23.50805], [-46.69347, -23.50828], [-46.69369, -23.5103], [-46.69264, -23.51207], [-46.6924, -23.51328], [-46.69011, -23.51701], [-46.68778, -23.52155], [-46.68528, -23.52365], [-46.68536, -23.52611], [-46.68748, -23.52606], [-46.69222, -23.53271], [-46.69297, -23.53222], [-46.69358, -23.53209], [-46.69366, -23.53278], [-46.69401, -23.53344], [-46.696, -23.53494], [-46.6964, -23.535], [-46.69715, -23.5348], [-46.69792, -23.534], [-46.69747, -23.53602], [-46.6976, -23.53663], [-46.69758, -23.53768], [-46.6972, -23.54065], [-46.69903, -23.54103], [-46.70168, -23.54073], [-46.70458, -23.54011], [-46.70551, -23.53968], [-46.70625, -23.53893], [-46.70755, -23.53872], [-46.70815, -23.53845], [-46.70926, -23.53721], [-46.70935, -23.53633], [-46.70975, -23.53599], [-46.71045, -23.53573], [-46.71236, -23.53535], [-46.71422, -23.53528]]]]}}, {"type": "Feature", "properties": {"name": "Liberdade", "zona": "CENTRO", "zona_label": "Centro", "zona_color": "#E8DC4A"}, "geometry": {"type": "MultiPolygon", "coordinates": [[[[-46.62544, -23.57827], [-46.62794, -23.57828], [-46.62813, -23.57855], [-46.62851, -23.57873], [-46.62924, -23.57879], [-46.63261, -23.5785], [-46.63275, -23.57828], [-46.63307, -23.57645], [-46.63356, -23.57563], [-46.63408, -23.5756], [-46.6342, -23.57547], [-46.63422, -23.57533], [-46.63376, -23.57501], [-46.63534, -23.57512], [-46.64106, -23.57334], [-46.64056, -23.56752], [-46.64063, -23.56548], [-46.63996, -23.56149], [-46.63961, -23.56047], [-46.63861, -23.55889], [-46.63751, -23.55613], [-46.63446, -23.5566], [-46.62863, -23.55617], [-46.62783, -23.55583], [-46.62705, -23.55453], [-46.62682, -23.5545], [-46.62654, -23.55813], [-46.62436, -23.55911], [-46.62523, -23.5617], [-46.62391, -23.56192], [-46.62374, -23.5634], [-46.62334, -23.56393], [-46.62321, -23.56491], [-46.62272, -23.56515], [-46.62544, -23.57827]]]]}}, {"type": "Feature", "properties": {"name": "Limão", "zona": "NORTE", "zona_label": "Norte", "zona_color": "#D97720"}, "geometry": {"type": "MultiPolygon", "coordinates": [[[[-46.671, -23.5147], [-46.67697, -23.51394], [-46.67805, -23.51367], [-46.67959, -23.51296], [-46.68211, -23.51103], [-46.68326, -23.51041], [-46.68481, -23.50994], [-46.68961, -23.50904], [-46.68861, -23.50488], [-46.68689, -23.50131], [-46.68455, -23.49725], [-46.68445, -23.4962], [-46.68532, -23.4918], [-46.68518, -23.49083], [-46.68472, -23.4897], [-46.68334, -23.48806], [-46.6788, -23.48338], [-46.67415, -23.48107], [-46.67366, -23.48058], [-46.67336, -23.47974], [-46.67303, -23.47989], [-46.67305, -23.48204], [-46.67317, -23.48229], [-46.66735, -23.48159], [-46.66663, -23.48194], [-46.66551, -23.48219], [-46.66418, -23.48309], [-46.66275, -23.4833], [-46.66393, -23.48415], [-46.66485, -23.48594], [-46.66472, -23.4875], [-46.66572, -23.48912], [-46.66551, -23.49003], [-46.66665, -23.49154], [-46.66734, -23.49166], [-46.6665, -23.49574], [-46.66652, -23.49637], [-46.6663, -23.49666], [-46.6648, -23.49755], [-46.66374, -23.49845], [-46.66433, -23.49981], [-46.66768, -23.50383], [-46.66863, -23.50553], [-46.66993, -23.50658], [-46.6704, -23.50718], [-46.671, -23.5147]]]]}}, {"type": "Feature", "properties": {"name": "Mandaqui", "zona": "NORTE", "zona_label": "Norte", "zona_color": "#D97720"}, "geometry": {"type": "MultiPolygon", "coordinates": [[[[-46.63677, -23.4839], [-46.63803, -23.48539], [-46.64028, -23.48655], [-46.64548, -23.48689], [-46.64633, -23.48716], [-46.64782, -23.48809], [-46.65136, -23.48868], [-46.65256, -23.48738], [-46.65284, -23.48643], [-46.65283, -23.48575], [-46.65323, -23.48442], [-46.65457, -23.48245], [-46.65539, -23.48172], [-46.65406, -23.48078], [-46.65408, -23.4803], [-46.65128, -23.4792], [-46.65085, -23.47898], [-46.65078, -23.4788], [-46.65063, -23.47801], [-46.65031, -23.47727], [-46.65044, -23.47604], [-46.64984, -23.47482], [-46.64973, -23.47389], [-46.65028, -23.47252], [-46.65115, -23.47181], [-46.65151, -23.47121], [-46.65015, -23.47078], [-46.64842, -23.46982], [-46.64597, -23.46937], [-46.6484, -23.46454], [-46.64883, -23.46458], [-46.64862, -23.46392], [-46.64825, -23.46349], [-46.64748, -23.46189], [-46.64721, -23.46098], [-46.64773, -23.45952], [-46.64862, -23.45807], [-46.64874, -23.45742], [-46.64864, -23.45687], [-46.64918, -23.45652], [-46.64987, -23.45555], [-46.65215, -23.4541], [-46.65167, -23.45103], [-46.65282, -23.44903], [-46.65209, -23.44815], [-46.65232, -23.44738], [-46.65223, -23.44663], [-46.65259, -23.44621], [-46.6535, -23.44615], [-46.65383, -23.44593], [-46.65417, -23.44461], [-46.65403, -23.44424], [-46.65339, -23.44347], [-46.65334, -23.44317], [-46.65406, -23.4421], [-46.65424, -23.44104], [-46.65489, -23.43979], [-46.65422, -23.43825], [-46.65365, -23.43788], [-46.6525, -23.43746], [-46.65197, -23.43673], [-46.65169, -23.43577], [-46.65112, -23.43521], [-46.651, -23.43484], [-46.65103, -23.43272], [-46.65151, -23.43176], [-46.65287, -23.43061], [-46.65398, -23.43082], [-46.65466, -23.43062], [-46.65257, -23.42996], [-46.65127, -23.42924], [-46.65074, -23.42912], [-46.64858, -23.42915], [-46.64728, -23.42933], [-46.64651, -23.42899], [-46.64553, -23.42823], [-46.64415, -23.4282], [-46.64244, -23.42753], [-46.64052, -23.42761], [-46.63921, -23.42731], [-46.63573, -23.4276], [-46.6354, -23.42774], [-46.63512, -23.42809], [-46.6346, -23.42926], [-46.63386, -23.42914], [-46.63377, -23.43019], [-46.63417, -23.43099], [-46.63377, -23.43171], [-46.63408, -23.43311], [-46.63359, -23.43421], [-46.63292, -23.43494], [-46.6326, -23.43554], [-46.63287, -23.43729], [-46.63179, -23.43785], [-46.6314, -23.43903], [-46.63147, -23.43939], [-46.63253, -23.44085], [-46.63321, -23.44209], [-46.63548, -23.44368], [-46.63647, -23.44507], [-46.63653, -23.44572], [-46.63742, -23.44641], [-46.63764, -23.44707], [-46.63741, -23.44749], [-46.63587, -23.44901], [-46.63588, -23.44931], [-46.63663, -23.45011], [-46.63638, -23.45146], [-46.63669, -23.45228], [-46.63624, -23.453], [-46.63584, -23.4546], [-46.63431, -23.45656], [-46.63399, -23.45718], [-46.63371, -23.45872], [-46.63315, -23.45925], [-46.63124, -23.45953], [-46.63061, -23.45987], [-46.63013, -23.46049], [-46.6301, -23.46162], [-46.62987, -23.46189], [-46.62954, -23.462], [-46.62937, -23.46243], [-46.62916, -23.4644], [-46.62974, -23.46503], [-46.62996, -23.46608], [-46.63062, -23.46666], [-46.63082, -23.46708], [-46.63043, -23.46941], [-46.62801, -23.4695], [-46.62755, -23.46984], [-46.62728, -23.47038], [-46.62733, -23.47101], [-46.62779, -23.47198], [-46.62703, -23.47199], [-46.6216, -23.47317], [-46.61859, -23.47396], [-46.61965, -23.47632], [-46.62069, -23.4775], [-46.62191, -23.47951], [-46.62183, -23.48128], [-46.62214, -23.48238], [-46.6232, -23.48156], [-46.62375, -23.48093], [-46.62457, -23.48048], [-46.62534, -23.48033], [-46.6262, -23.48037], [-46.62823, -23.48141], [-46.62965, -23.48254], [-46.63026, -23.48287], [-46.6315, -23.48278], [-46.63289, -23.48299], [-46.63467, -23.483], [-46.63588, -23.48332], [-46.63677, -23.4839]]]]}}, {"type": "Feature", "properties": {"name": "Marsilac", "zona": "SUL", "zona_label": "Sul", "zona_color": "#8A63E8"}, "geometry": {"type": "MultiPolygon", "coordinates": [[[[-46.64991, -24.0016], [-46.65069, -24.00118], [-46.65114, -24.00068], [-46.65166, -23.99915], [-46.65315, -23.99652], [-46.65458, -23.99551], [-46.65664, -23.99321], [-46.65725, -23.9928], [-46.65913, -23.99202], [-46.65971, -23.9916], [-46.66024, -23.99006], [-46.66194, -23.9881], [-46.66252, -23.98807], [-46.6633, -23.98828], [-46.6653, -23.98807], [-46.66785, -23.98824], [-46.67171, -23.98913], [-46.67281, -23.98864], [-46.67345, -23.98853], [-46.67491, -23.98941], [-46.67537, -23.98943], [-46.67787, -23.98838], [-46.6803, -23.98701], [-46.68156, -23.9854], [-46.68244, -23.98324], [-46.68291, -23.98259], [-46.68335, -23.98238], [-46.68513, -23.9824], [-46.6855, -23.98242], [-46.68581, -23.98264], [-46.68657, -23.98392], [-46.68781, -23.98477], [-46.68835, -23.98476], [-46.68972, -23.98437], [-46.69095, -23.98426], [-46.69206, -23.98436], [-46.69263, -23.98461], [-46.69413, -23.98675], [-46.69669, -23.98829], [-46.69892, -23.99014], [-46.7008, -23.99069], [-46.70327, -23.99163], [-46.70454, -23.991], [-46.70562, -23.99076], [-46.70687, -23.9907], [-46.70788, -23.99089], [-46.70843, -23.99127], [-46.70925, -23.99261], [-46.70969, -23.99306], [-46.71129, -23.99382], [-46.71184, -23.99393], [-46.71264, -23.99385], [-46.71296, -23.994], [-46.71368, -23.99556], [-46.71448, -23.99611], [-46.71563, -23.99611], [-46.71755, -23.9958], [-46.71953, -23.99503], [-46.72004, -23.99462], [-46.7205, -23.99333], [-46.72086, -23.993], [-46.72437, -23.99427], [-46.72651, -23.99436], [-46.72934, -23.99527], [-46.7311, -23.99549], [-46.73436, -23.99441], [-46.73545, -23.99386], [-46.7377, -23.99183], [-46.73837, -23.99182], [-46.73927, -23.99235], [-46.7398, -23.99247], [-46.74272, -23.99188], [-46.74332, -23.99189], [-46.74395, -23.99322], [-46.74466, -23.99379], [-46.74744, -23.99422], [-46.74922, -23.99429], [-46.74955, -23.99443], [-46.74964, -23.99465], [-46.74937, -23.99523], [-46.74944, -23.99564], [-46.75031, -23.99596], [-46.7509, -23.99651], [-46.75174, -23.99588], [-46.75221, -23.99579], [-46.75364, -23.99618], [-46.75505, -23.99678], [-46.75542, -23.9971], [-46.75615, -23.99812], [-46.75805, -24.00126], [-46.75884, -24.00226], [-46.75978, -24.00297], [-46.76098, -24.00314], [-46.76162, -24.0035], [-46.76208, -24.00436], [-46.76249, -24.00567], [-46.76303, -24.0062], [-46.76374, -24.00641], [-46.76453, -24.00635], [-46.76642, -24.0054], [-46.7669, -24.00535], [-46.76799, -24.00632], [-46.76855, -24.00773], [-46.76916, -24.00826], [-46.77003, -24.00843], [-46.7712, -24.00819], [-46.77183, -24.00786], [-46.77222, -24.00741], [-46.77227, -24.00656], [-46.77245, -24.00619], [-46.7728, -24.00588], [-46.77374, -24.00554], [-46.77417, -24.00504], [-46.77473, -24.00392], [-46.77474, -24.00299], [-46.77391, -24.00213], [-46.77091, -24.00076], [-46.76946, -23.99969], [-46.76922, -23.99937], [-46.76808, -23.99866], [-46.7684, -23.99667], [-46.76812, -23.99586], [-46.76721, -23.9952], [-46.7669, -23.99467], [-46.76642, -23.99314], [-46.76654, -23.99238], [-46.76644, -23.99166], [-46.76477, -23.9901], [-46.76461, -23.98861], [-46.76292, -23.98832], [-46.76232, -23.98802], [-46.76218, -23.98762], [-46.76223, -23.98665], [-46.76134, -23.98597], [-46.76109, -23.98545], [-46.76031, -23.98459], [-46.76028, -23.98336], [-46.76008, -23.98274], [-46.75956, -23.98205], [-46.75878, -23.98142], [-46.7582, -23.98058], [-46.75833, -23.98027], [-46.7591, -23.97993], [-46.75924, -23.97971], [-46.75905, -23.97865], [-46.7587, -23.9783], [-46.75734, -23.97829], [-46.75701, -23.97817], [-46.75598, -23.97602], [-46.75501, -23.97559], [-46.75484, -23.97289], [-46.75517, -23.97258], [-46.75592, -23.97244], [-46.7575, -23.97259], [-46.7582, -23.97254], [-46.75905, -23.97108], [-46.75971, -23.97032], [-46.76107, -23.96907], [-46.76261, -23.96828], [-46.76305, -23.96787], [-46.76367, -23.96591], [-46.76272, -23.96524], [-46.76252, -23.96469], [-46.76257, -23.96441], [-46.76299, -23.96356], [-46.76489, -23.96173], [-46.76572, -23.96129], [-46.76633, -23.96122], [-46.76831, -23.96197], [-46.76869, -23.962], [-46.76895, -23.96187], [-46.76939, -23.961], [-46.76962, -23.96088], [-46.76998, -23.96093], [-46.77075, -23.96142], [-46.77133, -23.96134], [-46.772, -23.95985], [-46.77353, -23.95786], [-46.77381, -23.95762], [-46.77469, -23.95726], [-46.77511, -23.95678], [-46.77514, -23.95639], [-46.77453, -23.95533], [-46.77414, -23.95418], [-46.77419, -23.95377], [-46.77483, -23.95304], [-46.77492, -23.95275], [-46.77483, -23.95233], [-46.77406, -23.951], [-46.77417, -23.95034], [-46.77479, -23.95002], [-46.77566, -23.94989], [-46.77665, -23.95005], [-46.77768, -23.94999], [-46.77926, -23.9491], [-46.7807, -23.9489], [-46.7811, -23.94872], [-46.7822, -23.94761], [-46.78353, -23.94691], [-46.7836, -23.94635], [-46.78338, -23.94527], [-46.7836, -23.94461], [-46.78488, -23.94375], [-46.78563, -23.94233], [-46.78616, -23.94187], [-46.78761, -23.9412], [-46.78925, -23.94074], [-46.7896, -23.94077], [-46.78984, -23.94094], [-46.79041, -23.94187], [-46.79118, -23.94259], [-46.79212, -23.94303], [-46.79326, -23.94309], [-46.79447, -23.94259], [-46.79498, -23.9421], [-46.7958, -23.94054], [-46.79628, -23.93996], [-46.80012, -23.938], [-46.80127, -23.93785], [-46.80192, -23.93792], [-46.80547, -23.93875], [-46.80627, -23.93864], [-46.8069, -23.93815], [-46.80735, -23.93649], [-46.80728, -23.93594], [-46.80703, -23.93546], [-46.80695, -23.93464], [-46.80718, -23.934], [-46.80803, -23.93263], [-46.8083, -23.93182], [-46.80834, -23.93079], [-46.808, -23.92902], [-46.80882, -23.92715], [-46.80991, -23.92389], [-46.81029, -23.92179], [-46.81068, -23.92046], [-46.81075, -23.91861], [-46.81058, -23.91837], [-46.81013, -23.91822], [-46.80985, -23.91796], [-46.81104, -23.91712], [-46.81182, -23.9171], [-46.8115, -23.91659], [-46.81189, -23.91619], [-46.81146, -23.91601], [-46.81107, -23.9151], [-46.8114, -23.91453], [-46.8114, -23.91391], [-46.81175, -23.91338], [-46.81175, -23.91226], [-46.8107, -23.91118], [-46.81111, -23.91117], [-46.81153, -23.91081], [-46.81173, -23.9113], [-46.81186, -23.91131], [-46.81191, -23.91083], [-46.81167, -23.91038], [-46.812, -23.91025], [-46.8113, -23.90976], [-46.81178, -23.90903], [-46.81143, -23.9085], [-46.81159, -23.90783], [-46.8112, -23.90716], [-46.81074, -23.90707], [-46.81103, -23.90657], [-46.81088, -23.90615], [-46.8106, -23.90592], [-46.81056, -23.90556], [-46.81018, -23.90556], [-46.8098, -23.90513], [-46.80935, -23.90493], [-46.80933, -23.90451], [-46.80858, -23.9044], [-46.80876, -23.90381], [-46.80859, -23.90331], [-46.80829, -23.90315], [-46.80833, -23.90258], [-46.80788, -23.90226], [-46.80767, -23.9019], [-46.80731, -23.90173], [-46.80703, -23.90128], [-46.80672, -23.90132], [-46.80671, -23.90087], [-46.80697, -23.90009], [-46.8069, -23.89982], [-46.80643, -23.89947], [-46.80633, -23.89914], [-46.80571, -23.89862], [-46.80554, -23.89798], [-46.80523, -23.89778], [-46.80526, -23.89733], [-46.80486, -23.89712], [-46.80511, -23.89686], [-46.80489, -23.89611], [-46.80517, -23.8956], [-46.80471, -23.8953], [-46.80447, -23.89456], [-46.80478, -23.89414], [-46.80497, -23.89319], [-46.80489, -23.89305], [-46.80411, -23.89295], [-46.80405, -23.89279], [-46.80533, -23.89139], [-46.80582, -23.89158], [-46.80584, -23.89173], [-46.80556, -23.89203], [-46.80588, -23.89215], [-46.80619, -23.89178], [-46.80636, -23.89087], [-46.80649, -23.89073], [-46.8067, -23.89093], [-46.80688, -23.89089], [-46.8066, -23.89042], [-46.80709, -23.89038], [-46.80719, -23.89025], [-46.80709, -23.89003], [-46.8067, -23.88981], [-46.80682, -23.88947], [-46.80671, -23.88919], [-46.8068, -23.88909], [-46.80728, -23.88927], [-46.80738, -23.8892], [-46.80697, -23.88868], [-46.80721, -23.88811], [-46.80719, -23.88776], [-46.80665, -23.88813], [-46.80651, -23.88777], [-46.80671, -23.88735], [-46.80729, -23.88727], [-46.80755, -23.88708], [-46.80737, -23.88652], [-46.80539, -23.88753], [-46.80349, -23.88755], [-46.80303, -23.88767], [-46.80215, -23.88818], [-46.8013, -23.88919], [-46.80094, -23.89023], [-46.80094, -23.89278], [-46.80042, -23.89337], [-46.79971, -23.89372], [-46.79864, -23.89368], [-46.79716, -23.89312], [-46.79658, -23.89307], [-46.79488, -23.89381], [-46.78774, -23.89476], [-46.78601, -23.8943], [-46.77684, -23.8932], [-46.77655, -23.89262], [-46.77619, -23.86625], [-46.77479, -23.8667], [-46.7739, -23.86731], [-46.77352, -23.868], [-46.77313, -23.86809], [-46.77259, -23.86795], [-46.77176, -23.86807], [-46.77085, -23.86796], [-46.76924, -23.86841], [-46.76829, -23.86821], [-46.76723, -23.86704], [-46.76554, -23.86729], [-46.76483, -23.8669], [-46.76387, -23.86707], [-46.76329, -23.8668], [-46.7523, -23.87052], [-46.69914, -23.88612], [-46.65176, -23.88813], [-46.65161, -23.88987], [-46.65119, -23.89125], [-46.64855, -23.89611], [-46.64754, -23.89741], [-46.64461, -23.90019], [-46.64359, -23.90167], [-46.64069, -23.90821], [-46.64037, -23.91006], [-46.64048, -23.91151], [-46.60925, -23.90462], [-46.60876, -23.90474], [-46.60874, -23.90496], [-46.60946, -23.90521], [-46.61079, -23.90652], [-46.61169, -23.90787], [-46.61254, -23.90822], [-46.61278, -23.90868], [-46.6125, -23.90963], [-46.61184, -23.91026], [-46.61161, -23.91071], [-46.61198, -23.91161], [-46.61192, -23.91209], [-46.61156, -23.91261], [-46.61196, -23.91401], [-46.6119, -23.91428], [-46.61174, -23.9144], [-46.61029, -23.91447], [-46.60957, -23.91482], [-46.60877, -23.91499], [-46.60867, -23.91519], [-46.6087, -23.91589], [-46.6094, -23.91672], [-46.61007, -23.9185], [-46.60998, -23.91937], [-46.60945, -23.91978], [-46.60914, -23.92025], [-46.6091, -23.92287], [-46.60941, -23.92356], [-46.61065, -23.92434], [-46.61077, -23.92461], [-46.61069, -23.92502], [-46.60969, -23.92619], [-46.60937, -23.92771], [-46.60952, -23.92783], [-46.61078, -23.92758], [-46.61162, -23.92804], [-46.61179, -23.9285], [-46.61171, -23.92959], [-46.6119, -23.92979], [-46.61313, -23.9302], [-46.61344, -23.93109], [-46.61389, -23.93151], [-46.61443, -23.93143], [-46.61577, -23.93079], [-46.61657, -23.93064], [-46.61672, -23.93085], [-46.61662, -23.93196], [-46.61688, -23.93356], [-46.61671, -23.93424], [-46.6162, -23.93491], [-46.61645, -23.93545], [-46.61582, -23.93601], [-46.61565, -23.93667], [-46.61543, -23.93682], [-46.6144, -23.93677], [-46.61385, -23.93691], [-46.6135, -23.93779], [-46.61325, -23.93803], [-46.61135, -23.9379], [-46.60984, -23.93697], [-46.60829, -23.93722], [-46.60788, -23.93743], [-46.60713, -23.93866], [-46.60719, -23.93928], [-46.60773, -23.93972], [-46.60787, -23.9406], [-46.6083, -23.94105], [-46.60878, -23.94132], [-46.60843, -23.94253], [-46.60712, -23.94479], [-46.60714, -23.94504], [-46.60783, -23.94584], [-46.60776, -23.94634], [-46.60748, -23.94687], [-46.60754, -23.94751], [-46.60786, -23.94798], [-46.60777, -23.94846], [-46.60823, -23.94869], [-46.6092, -23.94881], [-46.60967, -23.94918], [-46.60988, -23.94973], [-46.61011, -23.94993], [-46.61068, -23.94986], [-46.61096, -23.94996], [-46.61116, -23.95018], [-46.61124, -23.95087], [-46.61111, -23.95108], [-46.60899, -23.95261], [-46.60814, -23.95339], [-46.60728, -23.95366], [-46.60709, -23.95386], [-46.60721, -23.95436], [-46.60708, -23.95519], [-46.60739, -23.95598], [-46.60725, -23.95647], [-46.60653, -23.95695], [-46.60661, -23.95734], [-46.60741, -23.95787], [-46.60787, -23.95845], [-46.60884, -23.95896], [-46.60889, -23.95909], [-46.60846, -23.95939], [-46.60823, -23.95984], [-46.60948, -23.95979], [-46.60965, -23.96026], [-46.61018, -23.9604], [-46.61016, -23.96053], [-46.60938, -23.96076], [-46.60909, -23.96124], [-46.60845, -23.96129], [-46.60829, -23.96147], [-46.6086, -23.96233], [-46.6082, -23.96364], [-46.60941, -23.96461], [-46.61081, -23.96496], [-46.61107, -23.96549], [-46.61045, -23.96586], [-46.61048, -23.96607], [-46.61159, -23.9665], [-46.61169, -23.96699], [-46.61197, -23.96734], [-46.61195, -23.96776], [-46.61222, -23.96844], [-46.61215, -23.96962], [-46.61254, -23.96993], [-46.61288, -23.97], [-46.61323, -23.96979], [-46.61316, -23.96892], [-46.61328, -23.96848], [-46.61425, -23.9681], [-46.61527, -23.96748], [-46.61582, -23.96729], [-46.6161, -23.96734], [-46.61668, -23.96811], [-46.61722, -23.9681], [-46.61768, -23.96777], [-46.61798, -23.96778], [-46.61919, -23.96888], [-46.61932, -23.96918], [-46.61881, -23.9693], [-46.61887, -23.96947], [-46.62003, -23.96963], [-46.6204, -23.97001], [-46.62054, -23.97081], [-46.62157, -23.9709], [-46.62292, -23.97128], [-46.62368, -23.97131], [-46.62434, -23.97118], [-46.62491, -23.97162], [-46.62496, -23.97224], [-46.62511, -23.97236], [-46.62654, -23.97247], [-46.62709, -23.97225], [-46.62747, -23.97229], [-46.62771, -23.97253], [-46.62793, -23.97337], [-46.62867, -23.97352], [-46.62913, -23.97321], [-46.62964, -23.97319], [-46.62971, -23.97333], [-46.6294, -23.97355], [-46.62942, -23.97376], [-46.63045, -23.97421], [-46.6314, -23.97517], [-46.63343, -23.976], [-46.63487, -23.97694], [-46.63571, -23.97732], [-46.63571, -23.97774], [-46.63523, -23.97831], [-46.6351, -23.97867], [-46.63504, -23.97991], [-46.63476, -23.98112], [-46.63358, -23.98279], [-46.63328, -23.98376], [-46.63335, -23.98625], [-46.63294, -23.98708], [-46.63296, -23.98736], [-46.63324, -23.98759], [-46.63326, -23.98784], [-46.63206, -23.98845], [-46.63137, -23.98921], [-46.63036, -23.9899], [-46.62972, -23.99013], [-46.62922, -23.99013], [-46.62913, -23.99074], [-46.62954, -23.99124], [-46.63115, -23.99229], [-46.63297, -23.99241], [-46.63372, -23.99273], [-46.63398, -23.9931], [-46.63435, -23.99419], [-46.63493, -23.99475], [-46.63581, -23.99475], [-46.63709, -23.99417], [-46.6379, -23.99434], [-46.63863, -23.9949], [-46.63892, -23.99536], [-46.63959, -23.99731], [-46.64037, -23.99783], [-46.64112, -23.99796], [-46.64189, -23.99771], [-46.64245, -23.99776], [-46.64297, -23.99829], [-46.6437, -23.99872], [-46.64759, -23.99989], [-46.64933, -24.00093], [-46.64991, -24.0016]]]]}}, {"type": "Feature", "properties": {"name": "Mooca", "zona": "LESTE", "zona_label": "Leste", "zona_color": "#9ADD41"}, "geometry": {"type": "MultiPolygon", "coordinates": [[[[-46.58992, -23.58096], [-46.59034, -23.58079], [-46.59091, -23.58021], [-46.59013, -23.58192], [-46.59701, -23.58158], [-46.60887, -23.55677], [-46.60994, -23.55498], [-46.61488, -23.54773], [-46.61208, -23.54747], [-46.60823, -23.5466], [-46.59363, -23.54369], [-46.59325, -23.5445], [-46.59236, -23.54568], [-46.58836, -23.55006], [-46.58366, -23.55402], [-46.58951, -23.5649], [-46.58843, -23.56606], [-46.58576, -23.56837], [-46.58252, -23.56861], [-46.58149, -23.56938], [-46.58127, -23.56986], [-46.58122, -23.57144], [-46.58181, -23.57226], [-46.58134, -23.57298], [-46.58485, -23.57443], [-46.5848, -23.57543], [-46.58511, -23.57628], [-46.58776, -23.58036], [-46.58864, -23.58092], [-46.58924, -23.58105], [-46.58992, -23.58096]]]]}}, {"type": "Feature", "properties": {"name": "Parelheiros", "zona": "SUL", "zona_label": "Sul", "zona_color": "#8A63E8"}, "geometry": {"type": "MultiPolygon", "coordinates": [[[[-46.74729, -23.87197], [-46.7523, -23.87052], [-46.76329, -23.8668], [-46.76387, -23.86707], [-46.76483, -23.8669], [-46.76554, -23.86729], [-46.76723, -23.86704], [-46.76829, -23.86821], [-46.76924, -23.86841], [-46.77085, -23.86796], [-46.77176, -23.86807], [-46.77259, -23.86795], [-46.77313, -23.86809], [-46.77352, -23.868], [-46.7739, -23.86731], [-46.77479, -23.8667], [-46.77619, -23.86625], [-46.77605, -23.85545], [-46.77667, -23.85457], [-46.77727, -23.85425], [-46.77857, -23.85229], [-46.77954, -23.85129], [-46.77956, -23.85089], [-46.77914, -23.84989], [-46.77909, -23.84928], [-46.77964, -23.84848], [-46.77883, -23.8462], [-46.77933, -23.84416], [-46.7799, -23.84366], [-46.77989, -23.84218], [-46.77924, -23.84163], [-46.77843, -23.8416], [-46.7774, -23.8421], [-46.77622, -23.84231], [-46.77519, -23.84323], [-46.77351, -23.84382], [-46.77248, -23.84349], [-46.77072, -23.84355], [-46.76972, -23.84335], [-46.76739, -23.84362], [-46.76654, -23.84305], [-46.76478, -23.84279], [-46.76429, -23.84257], [-46.76408, -23.84145], [-46.76321, -23.84041], [-46.76304, -23.83999], [-46.763, -23.8395], [-46.76337, -23.8386], [-46.76263, -23.83696], [-46.76256, -23.83592], [-46.76324, -23.83456], [-46.76355, -23.83433], [-46.76448, -23.83441], [-46.76517, -23.83488], [-46.76543, -23.83491], [-46.76556, -23.83342], [-46.76542, -23.83321], [-46.76481, -23.83301], [-46.76413, -23.83256], [-46.76364, -23.83204], [-46.76342, -23.83127], [-46.76301, -23.83057], [-46.7631, -23.82976], [-46.76257, -23.82791], [-46.76273, -23.82769], [-46.76276, -23.82718], [-46.76297, -23.8271], [-46.76315, -23.82664], [-46.76461, -23.82547], [-46.76567, -23.82493], [-46.76611, -23.8244], [-46.76662, -23.82428], [-46.76687, -23.82398], [-46.76714, -23.82392], [-46.76751, -23.82314], [-46.76885, -23.82142], [-46.76908, -23.82146], [-46.76963, -23.82116], [-46.77045, -23.82025], [-46.7709, -23.82028], [-46.77161, -23.81999], [-46.7718, -23.81934], [-46.77244, -23.81921], [-46.77341, -23.81809], [-46.77386, -23.81811], [-46.77372, -23.81788], [-46.7738, -23.81774], [-46.77427, -23.81752], [-46.77505, -23.81773], [-46.776, -23.81683], [-46.77696, -23.81682], [-46.77719, -23.81643], [-46.77904, -23.8153], [-46.7803, -23.8143], [-46.78162, -23.81396], [-46.78231, -23.81327], [-46.78387, -23.81307], [-46.7847, -23.8131], [-46.78519, -23.81268], [-46.78637, -23.81264], [-46.78881, -23.81158], [-46.79285, -23.81109], [-46.79446, -23.81063], [-46.79502, -23.81066], [-46.7952, -23.81054], [-46.79576, -23.81076], [-46.79604, -23.8111], [-46.79683, -23.81103], [-46.7984, -23.8103], [-46.79966, -23.81007], [-46.80008, -23.80975], [-46.80064, -23.80982], [-46.80122, -23.80972], [-46.80126, -23.80911], [-46.8017, -23.80889], [-46.80172, -23.80837], [-46.80194, -23.80794], [-46.80162, -23.80722], [-46.8018, -23.8069], [-46.80177, -23.80614], [-46.80131, -23.80578], [-46.801, -23.80501], [-46.80082, -23.805], [-46.80056, -23.80524], [-46.80038, -23.80518], [-46.80084, -23.80443], [-46.80025, -23.80352], [-46.80075, -23.80307], [-46.80047, -23.80156], [-46.80034, -23.8015], [-46.79995, -23.80169], [-46.79933, -23.80146], [-46.79911, -23.80108], [-46.79861, -23.80079], [-46.7984, -23.80024], [-46.79713, -23.79973], [-46.79665, -23.7997], [-46.79625, -23.79946], [-46.79589, -23.79854], [-46.79599, -23.79803], [-46.79636, -23.79787], [-46.79646, -23.79752], [-46.79597, -23.79697], [-46.79545, -23.79592], [-46.79506, -23.79571], [-46.79511, -23.79531], [-46.79443, -23.7947], [-46.7944, -23.79392], [-46.79417, -23.79372], [-46.79374, -23.79376], [-46.79234, -23.79292], [-46.79197, -23.79226], [-46.79164, -23.79202], [-46.79208, -23.79141], [-46.79145, -23.79086], [-46.79102, -23.79078], [-46.79077, -23.79119], [-46.79059, -23.79122], [-46.78997, -23.79078], [-46.78966, -23.79032], [-46.78917, -23.78995], [-46.78925, -23.78942], [-46.78951, -23.78917], [-46.78982, -23.78958], [-46.79004, -23.78958], [-46.78984, -23.7888], [-46.79012, -23.7884], [-46.79027, -23.78748], [-46.78932, -23.78772], [-46.78898, -23.78702], [-46.78887, -23.78701], [-46.78874, -23.78758], [-46.7886, -23.78761], [-46.78795, -23.78699], [-46.78819, -23.78634], [-46.78974, -23.78607], [-46.78971, -23.7857], [-46.78988, -23.78532], [-46.78942, -23.78472], [-46.7898, -23.78352], [-46.78913, -23.78333], [-46.78994, -23.78297], [-46.79022, -23.78261], [-46.79037, -23.78179], [-46.79102, -23.78001], [-46.79075, -23.77772], [-46.79008, -23.77608], [-46.78902, -23.77454], [-46.78759, -23.77355], [-46.78624, -23.77315], [-46.78269, -23.77249], [-46.78149, -23.77206], [-46.78089, -23.77157], [-46.77975, -23.77025], [-46.77808, -23.76788], [-46.77722, -23.76697], [-46.77575, -23.76609], [-46.7753, -23.76595], [-46.77461, -23.76597], [-46.7732, -23.76551], [-46.77168, -23.76431], [-46.7707, -23.76279], [-46.77005, -23.76135], [-46.76958, -23.75966], [-46.76925, -23.75779], [-46.76915, -23.75521], [-46.76696, -23.75423], [-46.76583, -23.7528], [-46.7654, -23.75183], [-46.76526, -23.751], [-46.76528, -23.74652], [-46.76501, -23.74361], [-46.76456, -23.74216], [-46.7639, -23.74109], [-46.76296, -23.74011], [-46.76124, -23.73922], [-46.75983, -23.73885], [-46.75845, -23.73866], [-46.75389, -23.73904], [-46.75222, -23.73934], [-46.75043, -23.73999], [-46.74818, -23.74151], [-46.7456, -23.74383], [-46.74445, -23.74424], [-46.74356, -23.74434], [-46.74253, -23.74419], [-46.73608, -23.74181], [-46.73078, -23.74065], [-46.72969, -23.74014], [-46.72785, -23.74612], [-46.72757, -23.74785], [-46.72739, -23.75073], [-46.72683, -23.7535], [-46.72752, -23.75513], [-46.72745, -23.75587], [-46.72547, -23.75763], [-46.72485, -23.75897], [-46.72482, -23.75971], [-46.72549, -23.76096], [-46.72536, -23.76109], [-46.72493, -23.76102], [-46.72537, -23.7613], [-46.72501, -23.76148], [-46.7252, -23.76294], [-46.72506, -23.76309], [-46.72473, -23.76303], [-46.72492, -23.76349], [-46.72449, -23.76361], [-46.72469, -23.7638], [-46.72451, -23.76416], [-46.72522, -23.76427], [-46.72566, -23.76461], [-46.72592, -23.76516], [-46.72562, -23.76541], [-46.72529, -23.76607], [-46.72509, -23.76616], [-46.72475, -23.76599], [-46.72398, -23.76591], [-46.72338, -23.76621], [-46.72181, -23.7659], [-46.72052, -23.766], [-46.71997, -23.76579], [-46.71917, -23.76592], [-46.71834, -23.7657], [-46.71825, -23.76533], [-46.71733, -23.76581], [-46.71411, -23.76625], [-46.7128, -23.76726], [-46.7124, -23.76852], [-46.71193, -23.76844], [-46.71196, -23.77524], [-46.71164, -23.77697], [-46.7014, -23.80517], [-46.70094, -23.80688], [-46.70105, -23.80897], [-46.703, -23.81612], [-46.70305, -23.81719], [-46.70285, -23.8185], [-46.70163, -23.82253], [-46.69899, -23.8276], [-46.69678, -23.83406], [-46.69606, -23.84198], [-46.69456, -23.84537], [-46.69403, -23.84874], [-46.69361, -23.84885], [-46.69306, -23.84992], [-46.69145, -23.8515], [-46.68952, -23.85205], [-46.68812, -23.8518], [-46.68745, -23.85134], [-46.6868, -23.85141], [-46.68666, -23.85118], [-46.68697, -23.8507], [-46.68676, -23.8507], [-46.6868, -23.85048], [-46.68639, -23.85032], [-46.68607, -23.84988], [-46.68579, -23.84976], [-46.68584, -23.84966], [-46.68625, -23.84967], [-46.68601, -23.84956], [-46.68597, -23.84934], [-46.6855, -23.84962], [-46.68511, -23.84963], [-46.68486, -23.84934], [-46.68366, -23.84939], [-46.6834, -23.84963], [-46.68317, -23.84946], [-46.68256, -23.84948], [-46.68258, -23.8498], [-46.68187, -23.84968], [-46.6814, -23.84812], [-46.68128, -23.84716], [-46.68001, -23.84647], [-46.67926, -23.84629], [-46.67848, -23.84633], [-46.67672, -23.84678], [-46.67302, -23.84611], [-46.66896, -23.84644], [-46.66819, -23.84675], [-46.66617, -23.84822], [-46.66477, -23.84887], [-46.66326, -23.84928], [-46.66036, -23.84967], [-46.65893, -23.84976], [-46.65782, -23.84963], [-46.6567, -23.84924], [-46.65489, -23.8482], [-46.65211, -23.84574], [-46.64921, -23.84345], [-46.64608, -23.84156], [-46.64316, -23.84015], [-46.64073, -23.83939], [-46.63877, -23.83896], [-46.63512, -23.8385], [-46.63256, -23.85113], [-46.63185, -23.85265], [-46.63074, -23.85364], [-46.62947, -23.85451], [-46.62468, -23.85674], [-46.62269, -23.85837], [-46.62079, -23.85936], [-46.61865, -23.86069], [-46.61694, -23.862], [-46.61654, -23.8631], [-46.61652, -23.86512], [-46.61701, -23.86951], [-46.61671, -23.87013], [-46.61631, -23.87255], [-46.61631, -23.87329], [-46.6156, -23.87634], [-46.61574, -23.87683], [-46.61605, -23.87709], [-46.6163, -23.87773], [-46.61658, -23.87792], [-46.6166, -23.87831], [-46.61704, -23.87846], [-46.61712, -23.87866], [-46.61671, -23.87958], [-46.61676, -23.88077], [-46.61761, -23.88442], [-46.61803, -23.88523], [-46.61784, -23.88579], [-46.61788, -23.88649], [-46.61764, -23.88694], [-46.61778, -23.88807], [-46.61771, -23.88881], [-46.6171, -23.89075], [-46.61648, -23.89209], [-46.61653, -23.89286], [-46.61596, -23.89476], [-46.61536, -23.89581], [-46.61536, -23.89629], [-46.61566, -23.89675], [-46.61573, -23.89718], [-46.6155, -23.89782], [-46.61544, -23.89945], [-46.61527, -23.90001], [-46.61458, -23.90088], [-46.6142, -23.90111], [-46.61424, -23.90199], [-46.61389, -23.90245], [-46.6137, -23.90324], [-46.61386, -23.90422], [-46.61324, -23.90487], [-46.61327, -23.9055], [-46.64048, -23.91151], [-46.64037, -23.91006], [-46.64069, -23.90821], [-46.64359, -23.90167], [-46.64461, -23.90019], [-46.64754, -23.89741], [-46.64855, -23.89611], [-46.65119, -23.89125], [-46.65161, -23.88987], [-46.65176, -23.88813], [-46.69914, -23.88612], [-46.74729, -23.87197]]]]}}, {"type": "Feature", "properties": {"name": "Pari", "zona": "CENTRO", "zona_label": "Centro", "zona_color": "#E8DC4A"}, "geometry": {"type": "MultiPolygon", "coordinates": [[[[-46.61154, -23.53262], [-46.61254, -23.53361], [-46.61338, -23.53291], [-46.61606, -23.53557], [-46.6223, -23.53502], [-46.62518, -23.5342], [-46.62519, -23.53318], [-46.62559, -23.53233], [-46.6252, -23.5193], [-46.62287, -23.51937], [-46.61946, -23.51877], [-46.61794, -23.51891], [-46.61601, -23.51968], [-46.61292, -23.5221], [-46.61158, -23.52282], [-46.61028, -23.52322], [-46.60951, -23.5233], [-46.60826, -23.52324], [-46.60707, -23.523], [-46.60619, -23.52646], [-46.60575, -23.5269], [-46.61154, -23.53262]]]]}}, {"type": "Feature", "properties": {"name": "Parque Do Carmo", "zona": "LESTE", "zona_label": "Leste", "zona_color": "#9ADD41"}, "geometry": {"type": "MultiPolygon", "coordinates": [[[[-46.44635, -23.59315], [-46.44801, -23.59307], [-46.44907, -23.59336], [-46.4503, -23.5932], [-46.45199, -23.59331], [-46.45365, -23.59383], [-46.45443, -23.59388], [-46.45531, -23.59448], [-46.45597, -23.59419], [-46.45682, -23.59471], [-46.45923, -23.59711], [-46.45922, -23.59768], [-46.45969, -23.59785], [-46.46061, -23.59787], [-46.46159, -23.59654], [-46.46291, -23.59539], [-46.46417, -23.59476], [-46.4642, -23.59461], [-46.46574, -23.5942], [-46.46706, -23.59314], [-46.46791, -23.5929], [-46.47269, -23.59271], [-46.4741, -23.59248], [-46.47535, -23.59189], [-46.47745, -23.5904], [-46.47936, -23.58982], [-46.48008, -23.58947], [-46.48186, -23.58759], [-46.48238, -23.58722], [-46.48333, -23.58692], [-46.48585, -23.58695], [-46.48707, -23.5866], [-46.48816, -23.58584], [-46.49097, -23.58225], [-46.48913, -23.58097], [-46.48782, -23.58032], [-46.48724, -23.57943], [-46.48666, -23.57763], [-46.48503, -23.57613], [-46.4848, -23.5735], [-46.48454, -23.5727], [-46.48232, -23.5698], [-46.48187, -23.56901], [-46.47966, -23.57003], [-46.47866, -23.56943], [-46.47569, -23.56884], [-46.47502, -23.5684], [-46.4747, -23.56776], [-46.47439, -23.56593], [-46.47438, -23.56082], [-46.47291, -23.56096], [-46.47177, -23.56058], [-46.47056, -23.55989], [-46.46853, -23.55766], [-46.46734, -23.55727], [-46.4663, -23.55737], [-46.46574, -23.5554], [-46.46548, -23.55521], [-46.46506, -23.55518], [-46.46452, -23.55459], [-46.46449, -23.55361], [-46.46364, -23.55244], [-46.46355, -23.55172], [-46.46298, -23.55111], [-46.4631, -23.55075], [-46.46224, -23.55047], [-46.46006, -23.55173], [-46.45987, -23.55146], [-46.45148, -23.55632], [-46.4463, -23.55653], [-46.44546, -23.55681], [-46.44571, -23.56054], [-46.44645, -23.5658], [-46.44712, -23.56895], [-46.44714, -23.56965], [-46.44669, -23.57105], [-46.44507, -23.5747], [-46.44356, -23.57728], [-46.44311, -23.57833], [-46.44207, -23.58231], [-46.44204, -23.58302], [-46.44225, -23.58386], [-46.44289, -23.58516], [-46.44307, -23.58599], [-46.44304, -23.58672], [-46.44261, -23.58857], [-46.44281, -23.58978], [-46.44406, -23.5917], [-46.44449, -23.5927], [-46.44506, -23.59271], [-46.44635, -23.59315]]]]}}, {"type": "Feature", "properties": {"name": "Pedreira", "zona": "SUL", "zona_label": "Sul", "zona_color": "#8A63E8"}, "geometry": {"type": "MultiPolygon", "coordinates": [[[[-46.6181, -23.70752], [-46.61695, -23.70852], [-46.6163, -23.71033], [-46.61747, -23.71162], [-46.6176, -23.71221], [-46.61907, -23.71342], [-46.62111, -23.71451], [-46.62146, -23.71485], [-46.62214, -23.71501], [-46.62354, -23.71584], [-46.62425, -23.71611], [-46.62508, -23.71634], [-46.62699, -23.71624], [-46.62738, -23.71638], [-46.6289, -23.71808], [-46.6322, -23.72093], [-46.63655, -23.72525], [-46.63879, -23.72634], [-46.64027, -23.72728], [-46.64914, -23.7297], [-46.65011, -23.73009], [-46.65104, -23.73066], [-46.65129, -23.73101], [-46.65205, -23.73079], [-46.65739, -23.72437], [-46.66099, -23.72088], [-46.66807, -23.71463], [-46.66989, -23.71182], [-46.67113, -23.70856], [-46.67194, -23.70498], [-46.67255, -23.70405], [-46.67326, -23.70355], [-46.67461, -23.70296], [-46.68014, -23.70188], [-46.68292, -23.70104], [-46.6856, -23.69991], [-46.6849, -23.69876], [-46.68497, -23.69836], [-46.68475, -23.69787], [-46.6836, -23.69763], [-46.68319, -23.69714], [-46.68288, -23.6964], [-46.68331, -23.69615], [-46.68308, -23.69576], [-46.68282, -23.6958], [-46.68305, -23.69541], [-46.6821, -23.69517], [-46.68069, -23.69525], [-46.68003, -23.69542], [-46.67902, -23.69512], [-46.6775, -23.69368], [-46.67708, -23.69299], [-46.67623, -23.6929], [-46.67572, -23.69305], [-46.67529, -23.69287], [-46.67385, -23.69188], [-46.67363, -23.69133], [-46.67187, -23.69054], [-46.67109, -23.68969], [-46.67009, -23.68812], [-46.6689, -23.68868], [-46.66747, -23.68861], [-46.66656, -23.68875], [-46.66569, -23.68917], [-46.66491, -23.68895], [-46.66349, -23.6891], [-46.6627, -23.68893], [-46.66115, -23.68971], [-46.65293, -23.68504], [-46.65315, -23.68549], [-46.65313, -23.68584], [-46.65253, -23.68644], [-46.65225, -23.68701], [-46.6518, -23.6875], [-46.64995, -23.68877], [-46.64936, -23.69083], [-46.64844, -23.69061], [-46.64622, -23.69101], [-46.64604, -23.69167], [-46.64539, -23.69257], [-46.6446, -23.6923], [-46.6439, -23.69362], [-46.64384, -23.69462], [-46.64364, -23.69437], [-46.64316, -23.69434], [-46.64187, -23.69369], [-46.64026, -23.69355], [-46.6388, -23.69268], [-46.63765, -23.69268], [-46.63686, -23.69283], [-46.63619, -23.69317], [-46.63658, -23.69238], [-46.63602, -23.69252], [-46.63548, -23.69213], [-46.63529, -23.69181], [-46.63507, -23.69179], [-46.63513, -23.69133], [-46.63311, -23.69142], [-46.63276, -23.69156], [-46.63262, -23.69167], [-46.63251, -23.69228], [-46.63263, -23.69249], [-46.63251, -23.6932], [-46.63165, -23.69375], [-46.63172, -23.6964], [-46.6315, -23.6967], [-46.63087, -23.69686], [-46.63018, -23.69743], [-46.62915, -23.69766], [-46.62894, -23.69794], [-46.62885, -23.69952], [-46.62853, -23.7003], [-46.62732, -23.70098], [-46.62633, -23.70284], [-46.62457, -23.70192], [-46.62414, -23.70196], [-46.624, -23.70212], [-46.62399, -23.70325], [-46.62387, -23.70354], [-46.62437, -23.70521], [-46.62356, -23.70591], [-46.62321, -23.70554], [-46.62287, -23.70544], [-46.62192, -23.70627], [-46.6221, -23.70642], [-46.62112, -23.70718], [-46.61836, -23.70737], [-46.6181, -23.70752]]]]}}, {"type": "Feature", "properties": {"name": "Perus", "zona": "NORTE", "zona_label": "Norte", "zona_color": "#D97720"}, "geometry": {"type": "MultiPolygon", "coordinates": [[[[-46.70857, -23.4202], [-46.70884, -23.42125], [-46.70927, -23.4215], [-46.71109, -23.42156], [-46.71184, -23.42175], [-46.71529, -23.42184], [-46.71631, -23.42211], [-46.7169, -23.42292], [-46.71752, -23.4246], [-46.71888, -23.42642], [-46.72251, -23.42814], [-46.72294, -23.42765], [-46.72308, -23.42658], [-46.72378, -23.42568], [-46.72396, -23.42498], [-46.72423, -23.42458], [-46.72405, -23.42411], [-46.72382, -23.42392], [-46.72321, -23.42392], [-46.72272, -23.42371], [-46.72279, -23.42344], [-46.7237, -23.42291], [-46.72463, -23.4228], [-46.72496, -23.42258], [-46.72629, -23.42328], [-46.72711, -23.42336], [-46.72783, -23.42298], [-46.72854, -23.42202], [-46.72933, -23.42253], [-46.72886, -23.42431], [-46.72901, -23.42456], [-46.72982, -23.42314], [-46.73023, -23.42288], [-46.73323, -23.4222], [-46.73396, -23.42172], [-46.73454, -23.42158], [-46.73553, -23.42165], [-46.73643, -23.42143], [-46.73716, -23.42168], [-46.73797, -23.4217], [-46.73779, -23.42142], [-46.73706, -23.42113], [-46.73709, -23.42091], [-46.73887, -23.42103], [-46.74006, -23.42095], [-46.74206, -23.42169], [-46.7428, -23.42165], [-46.74321, -23.42138], [-46.7432, -23.42204], [-46.74387, -23.42227], [-46.74446, -23.42266], [-46.74515, -23.4235], [-46.74522, -23.42396], [-46.74545, -23.42425], [-46.74607, -23.42463], [-46.74708, -23.42487], [-46.74725, -23.42503], [-46.74744, -23.42562], [-46.74735, -23.42607], [-46.7477, -23.42716], [-46.74791, -23.42741], [-46.74763, -23.42763], [-46.74758, -23.42858], [-46.74772, -23.42871], [-46.74784, -23.42862], [-46.74803, -23.42898], [-46.74829, -23.42914], [-46.74797, -23.42927], [-46.74804, -23.42958], [-46.74751, -23.43007], [-46.74757, -23.43037], [-46.7478, -23.43043], [-46.74789, -23.43095], [-46.75858, -23.43191], [-46.75971, -23.43139], [-46.76008, -23.43169], [-46.76157, -23.43178], [-46.76162, -23.43128], [-46.76126, -23.43099], [-46.76123, -23.43078], [-46.76181, -23.43007], [-46.76157, -23.42979], [-46.76152, -23.42933], [-46.76165, -23.42903], [-46.76212, -23.429], [-46.7621, -23.42846], [-46.76197, -23.42832], [-46.76129, -23.42818], [-46.76108, -23.42722], [-46.76133, -23.42647], [-46.76164, -23.42638], [-46.76217, -23.42593], [-46.76253, -23.42518], [-46.76209, -23.42455], [-46.76223, -23.42431], [-46.76151, -23.42344], [-46.76171, -23.42281], [-46.76264, -23.42166], [-46.76315, -23.42052], [-46.76415, -23.41966], [-46.76511, -23.41953], [-46.76526, -23.41903], [-46.76557, -23.41883], [-46.76626, -23.41929], [-46.76712, -23.41913], [-46.76854, -23.41961], [-46.76901, -23.41929], [-46.77071, -23.41906], [-46.77137, -23.41872], [-46.77165, -23.41803], [-46.77166, -23.41741], [-46.77188, -23.41699], [-46.7725, -23.41695], [-46.77275, -23.41624], [-46.77263, -23.41502], [-46.77243, -23.41444], [-46.77309, -23.41417], [-46.77358, -23.41371], [-46.77428, -23.41358], [-46.77438, -23.41345], [-46.77418, -23.41293], [-46.77373, -23.41234], [-46.77378, -23.41221], [-46.77477, -23.41156], [-46.77494, -23.41074], [-46.77545, -23.41014], [-46.77708, -23.40928], [-46.77841, -23.40709], [-46.77911, -23.40672], [-46.77908, -23.40644], [-46.77873, -23.40605], [-46.77881, -23.40587], [-46.7794, -23.40585], [-46.77916, -23.40515], [-46.77992, -23.40501], [-46.78043, -23.40466], [-46.78106, -23.40403], [-46.78128, -23.40397], [-46.78193, -23.403], [-46.7826, -23.4025], [-46.78288, -23.40249], [-46.78292, -23.40184], [-46.78365, -23.40101], [-46.78411, -23.39944], [-46.78341, -23.39872], [-46.78216, -23.39897], [-46.78148, -23.3983], [-46.78105, -23.39809], [-46.78029, -23.3984], [-46.77867, -23.39869], [-46.7778, -23.39864], [-46.77717, -23.39893], [-46.77645, -23.39886], [-46.77622, -23.39873], [-46.77624, -23.39859], [-46.77723, -23.39801], [-46.77733, -23.39778], [-46.77587, -23.39719], [-46.77545, -23.39681], [-46.77443, -23.39715], [-46.77244, -23.39694], [-46.77092, -23.39748], [-46.77077, -23.39698], [-46.77093, -23.39534], [-46.7704, -23.39494], [-46.77053, -23.39434], [-46.77021, -23.3934], [-46.77032, -23.39312], [-46.77083, -23.39317], [-46.77094, -23.393], [-46.77068, -23.39256], [-46.76999, -23.39214], [-46.77003, -23.39186], [-46.77044, -23.39163], [-46.77049, -23.39142], [-46.77042, -23.3893], [-46.77021, -23.38871], [-46.76968, -23.3883], [-46.76931, -23.38826], [-46.76891, -23.38853], [-46.7683, -23.38933], [-46.76785, -23.3893], [-46.76764, -23.3884], [-46.76808, -23.38765], [-46.76752, -23.38687], [-46.76722, -23.38671], [-46.7661, -23.38668], [-46.76553, -23.3863], [-46.76494, -23.38536], [-46.76424, -23.38492], [-46.76397, -23.38492], [-46.76379, -23.38512], [-46.76443, -23.38619], [-46.76324, -23.38618], [-46.76143, -23.38711], [-46.76126, -23.38709], [-46.76047, -23.38604], [-46.76028, -23.38599], [-46.75983, -23.38662], [-46.75841, -23.38633], [-46.75682, -23.38659], [-46.75425, -23.38751], [-46.75407, -23.38768], [-46.75415, -23.38813], [-46.75354, -23.38924], [-46.75269, -23.38941], [-46.75249, -23.38965], [-46.75195, -23.38984], [-46.75171, -23.39022], [-46.75154, -23.39027], [-46.75107, -23.39015], [-46.75079, -23.38984], [-46.75039, -23.38971], [-46.75005, -23.38931], [-46.74887, -23.38961], [-46.74827, -23.38923], [-46.7475, -23.38968], [-46.74717, -23.38933], [-46.74617, -23.38964], [-46.74528, -23.38936], [-46.74427, -23.3895], [-46.74332, -23.38926], [-46.74176, -23.38956], [-46.74065, -23.38918], [-46.73926, -23.38921], [-46.73714, -23.38885], [-46.73546, -23.38812], [-46.73515, -23.38871], [-46.73469, -23.38893], [-46.73426, -23.38986], [-46.73384, -23.39016], [-46.73334, -23.39117], [-46.73198, -23.39261], [-46.73082, -23.39328], [-46.73033, -23.39399], [-46.72904, -23.39446], [-46.72837, -23.39444], [-46.72702, -23.3949], [-46.7251, -23.39481], [-46.72421, -23.39541], [-46.72322, -23.3956], [-46.72283, -23.39641], [-46.72162, -23.39635], [-46.72158, -23.39667], [-46.72118, -23.39716], [-46.72031, -23.39755], [-46.72008, -23.39832], [-46.7196, -23.39874], [-46.71961, -23.39936], [-46.72018, -23.40079], [-46.72032, -23.40152], [-46.71988, -23.40366], [-46.71867, -23.40526], [-46.7172, -23.40664], [-46.71603, -23.40726], [-46.71502, -23.40739], [-46.71402, -23.40729], [-46.71111, -23.40639], [-46.71065, -23.40652], [-46.71026, -23.40697], [-46.71003, -23.40744], [-46.70981, -23.40907], [-46.70927, -23.41059], [-46.70924, -23.41505], [-46.70847, -23.41649], [-46.70828, -23.41654], [-46.70857, -23.4202]]]]}}, {"type": "Feature", "properties": {"name": "Pinheiros", "zona": "OESTE", "zona_label": "Oeste", "zona_color": "#CF4CC8"}, "geometry": {"type": "MultiPolygon", "coordinates": [[[[-46.68887, -23.5856], [-46.68997, -23.58657], [-46.69149, -23.5867], [-46.69201, -23.58467], [-46.69653, -23.57668], [-46.69741, -23.57555], [-46.70071, -23.57248], [-46.70183, -23.571], [-46.70288, -23.56888], [-46.7048, -23.56355], [-46.69944, -23.55906], [-46.69899, -23.55859], [-46.69823, -23.55732], [-46.69727, -23.55636], [-46.69726, -23.55566], [-46.69572, -23.55311], [-46.69535, -23.55139], [-46.69469, -23.54939], [-46.69234, -23.5464], [-46.69287, -23.54556], [-46.69285, -23.54498], [-46.68936, -23.54736], [-46.68845, -23.54759], [-46.68718, -23.54759], [-46.68593, -23.54805], [-46.68401, -23.54953], [-46.67974, -23.54989], [-46.67849, -23.55036], [-46.67746, -23.55102], [-46.6784, -23.55238], [-46.68003, -23.55421], [-46.68106, -23.55511], [-46.68253, -23.55605], [-46.68273, -23.55639], [-46.68272, -23.55688], [-46.68135, -23.55935], [-46.67779, -23.56439], [-46.67656, -23.56538], [-46.67847, -23.56777], [-46.67759, -23.56857], [-46.67075, -23.57664], [-46.67142, -23.577], [-46.67332, -23.57717], [-46.67879, -23.58039], [-46.68011, -23.58054], [-46.6835, -23.58044], [-46.68887, -23.5856]]]]}}, {"type": "Feature", "properties": {"name": "Pirituba", "zona": "NORTE", "zona_label": "Norte", "zona_color": "#D97720"}, "geometry": {"type": "MultiPolygon", "coordinates": [[[[-46.70603, -23.50577], [-46.70564, -23.50873], [-46.70722, -23.50879], [-46.71709, -23.50807], [-46.71891, -23.50841], [-46.72043, -23.50926], [-46.72071, -23.50821], [-46.72112, -23.50761], [-46.72738, -23.50054], [-46.7318, -23.49428], [-46.73586, -23.48966], [-46.73661, -23.48848], [-46.7372, -23.48677], [-46.73918, -23.48614], [-46.74157, -23.48443], [-46.74272, -23.4841], [-46.74375, -23.4842], [-46.74417, -23.48456], [-46.74485, -23.48475], [-46.7457, -23.4854], [-46.74686, -23.48503], [-46.74729, -23.48477], [-46.74807, -23.4852], [-46.74841, -23.48518], [-46.75009, -23.48468], [-46.75155, -23.48387], [-46.75219, -23.48385], [-46.75257, -23.4837], [-46.75356, -23.48385], [-46.7542, -23.48305], [-46.75478, -23.48331], [-46.75541, -23.48255], [-46.75544, -23.48192], [-46.75512, -23.4815], [-46.75466, -23.48151], [-46.75377, -23.48072], [-46.75365, -23.47965], [-46.75286, -23.47907], [-46.75244, -23.47742], [-46.75258, -23.47643], [-46.75237, -23.47547], [-46.75266, -23.47432], [-46.75336, -23.47266], [-46.75311, -23.46901], [-46.75246, -23.46934], [-46.75176, -23.46932], [-46.75066, -23.46785], [-46.75055, -23.46748], [-46.7502, -23.46734], [-46.75053, -23.46651], [-46.74796, -23.46575], [-46.74669, -23.46559], [-46.7456, -23.46579], [-46.7458, -23.46675], [-46.74575, -23.46759], [-46.74543, -23.46855], [-46.74504, -23.46915], [-46.73616, -23.46263], [-46.71894, -23.45819], [-46.71933, -23.45716], [-46.72031, -23.45699], [-46.72048, -23.45675], [-46.72013, -23.45468], [-46.71993, -23.45421], [-46.71892, -23.4536], [-46.71867, -23.45276], [-46.71783, -23.45255], [-46.7174, -23.4521], [-46.71657, -23.45187], [-46.71602, -23.45153], [-46.71582, -23.45113], [-46.71586, -23.45057], [-46.71465, -23.45074], [-46.71418, -23.45092], [-46.71202, -23.4536], [-46.7118, -23.4541], [-46.71251, -23.45518], [-46.71364, -23.45615], [-46.71486, -23.45805], [-46.71503, -23.45904], [-46.71541, -23.45972], [-46.71534, -23.46056], [-46.71496, -23.46138], [-46.7143, -23.46225], [-46.71362, -23.46439], [-46.71298, -23.46477], [-46.71203, -23.46685], [-46.71182, -23.46771], [-46.71169, -23.46939], [-46.71129, -23.46977], [-46.71063, -23.46992], [-46.711, -23.47148], [-46.7108, -23.47192], [-46.71033, -23.4724], [-46.71009, -23.47325], [-46.71064, -23.47449], [-46.71039, -23.4759], [-46.70786, -23.4779], [-46.70716, -23.47822], [-46.70753, -23.47886], [-46.70819, -23.48108], [-46.70815, -23.48253], [-46.70826, -23.48295], [-46.70948, -23.4848], [-46.71053, -23.48598], [-46.71071, -23.48679], [-46.70967, -23.49305], [-46.70735, -23.49667], [-46.70691, -23.49775], [-46.70632, -23.5021], [-46.70603, -23.50577]]]]}}, {"type": "Feature", "properties": {"name": "Ponte Rasa", "zona": "LESTE", "zona_label": "Leste", "zona_color": "#9ADD41"}, "geometry": {"type": "MultiPolygon", "coordinates": [[[[-46.48782, -23.52571], [-46.4892, -23.52751], [-46.48971, -23.52775], [-46.49143, -23.52538], [-46.49423, -23.52312], [-46.49502, -23.52177], [-46.49574, -23.52131], [-46.49978, -23.52015], [-46.50369, -23.52061], [-46.50746, -23.52048], [-46.51053, -23.5195], [-46.51221, -23.51923], [-46.51281, -23.51898], [-46.51356, -23.51832], [-46.51484, -23.51753], [-46.51951, -23.51524], [-46.52099, -23.51419], [-46.51985, -23.51393], [-46.51884, -23.5131], [-46.51794, -23.51274], [-46.51667, -23.51199], [-46.51391, -23.51102], [-46.51287, -23.51098], [-46.51196, -23.51062], [-46.51123, -23.51012], [-46.50988, -23.50991], [-46.50956, -23.50951], [-46.50872, -23.50943], [-46.50791, -23.50956], [-46.50702, -23.50932], [-46.50648, -23.50893], [-46.50585, -23.50894], [-46.5053, -23.50854], [-46.50386, -23.50833], [-46.50118, -23.50877], [-46.50046, -23.5084], [-46.49993, -23.50751], [-46.49921, -23.50772], [-46.49802, -23.50749], [-46.49719, -23.5075], [-46.49622, -23.50698], [-46.49511, -23.50668], [-46.49434, -23.5067], [-46.49386, -23.50642], [-46.49361, -23.50652], [-46.49354, -23.50688], [-46.49284, -23.5067], [-46.49077, -23.50726], [-46.4907, -23.50758], [-46.48561, -23.50721], [-46.48452, -23.50737], [-46.48205, -23.5072], [-46.47957, -23.50747], [-46.47803, -23.50691], [-46.47693, -23.51237], [-46.47633, -23.51676], [-46.47506, -23.52378], [-46.48095, -23.52586], [-46.48234, -23.52596], [-46.48389, -23.52516], [-46.48616, -23.52617], [-46.48709, -23.52623], [-46.48782, -23.52571]]]]}}, {"type": "Feature", "properties": {"name": "República", "zona": "CENTRO", "zona_label": "Centro", "zona_color": "#E8DC4A"}, "geometry": {"type": "MultiPolygon", "coordinates": [[[[-46.63713, -23.55143], [-46.63675, -23.55198], [-46.63658, -23.55332], [-46.63672, -23.55412], [-46.63751, -23.55613], [-46.64253, -23.55526], [-46.64436, -23.55456], [-46.64511, -23.5539], [-46.64714, -23.54884], [-46.64781, -23.54762], [-46.64766, -23.54155], [-46.64656, -23.54098], [-46.64612, -23.53905], [-46.64012, -23.53497], [-46.63718, -23.53513], [-46.63696, -23.535], [-46.63354, -23.53583], [-46.6341, -23.54122], [-46.63886, -23.54867], [-46.63875, -23.54923], [-46.63826, -23.55005], [-46.63713, -23.55143]]]]}}, {"type": "Feature", "properties": {"name": "Sacomã", "zona": "SUL", "zona_label": "Sul", "zona_color": "#8A63E8"}, "geometry": {"type": "MultiPolygon", "coordinates": [[[[-46.59566, -23.65198], [-46.59594, -23.6524], [-46.59654, -23.65285], [-46.59816, -23.6531], [-46.59909, -23.65298], [-46.5999, -23.65352], [-46.60104, -23.65383], [-46.60149, -23.6542], [-46.60219, -23.65433], [-46.60261, -23.65528], [-46.60364, -23.65603], [-46.60537, -23.65595], [-46.60682, -23.65629], [-46.60753, -23.65685], [-46.60788, -23.65691], [-46.60888, -23.65789], [-46.60959, -23.65805], [-46.61015, -23.6586], [-46.61093, -23.6587], [-46.61138, -23.65897], [-46.61209, -23.65915], [-46.61413, -23.66023], [-46.61453, -23.66023], [-46.61489, -23.66], [-46.61536, -23.65893], [-46.61575, -23.65842], [-46.61635, -23.65797], [-46.61554, -23.65753], [-46.61368, -23.65475], [-46.61445, -23.65146], [-46.6134, -23.64853], [-46.61379, -23.64636], [-46.61253, -23.64383], [-46.61242, -23.64314], [-46.61253, -23.64266], [-46.61367, -23.64127], [-46.61382, -23.6404], [-46.61372, -23.64014], [-46.61166, -23.63959], [-46.61123, -23.6384], [-46.61085, -23.63631], [-46.61032, -23.63585], [-46.61011, -23.63523], [-46.60909, -23.63382], [-46.60896, -23.63308], [-46.60903, -23.63201], [-46.60949, -23.63033], [-46.61001, -23.62928], [-46.6103, -23.62779], [-46.61051, -23.62743], [-46.61048, -23.62693], [-46.61077, -23.62611], [-46.61114, -23.62577], [-46.6111, -23.62513], [-46.61164, -23.6252], [-46.61197, -23.62271], [-46.61234, -23.62274], [-46.60863, -23.61502], [-46.60555, -23.60683], [-46.60518, -23.60615], [-46.60328, -23.60427], [-46.60267, -23.60389], [-46.60225, -23.60402], [-46.60149, -23.60396], [-46.60012, -23.60329], [-46.59854, -23.6015], [-46.59681, -23.60385], [-46.58944, -23.60972], [-46.58859, -23.61002], [-46.58309, -23.61102], [-46.58062, -23.61199], [-46.58305, -23.62566], [-46.58294, -23.6266], [-46.58277, -23.62694], [-46.58164, -23.62805], [-46.58143, -23.6286], [-46.58141, -23.62922], [-46.58185, -23.63117], [-46.58226, -23.63231], [-46.5842, -23.63362], [-46.5846, -23.63406], [-46.58494, -23.63494], [-46.58472, -23.63622], [-46.58338, -23.64104], [-46.58445, -23.64413], [-46.58489, -23.64477], [-46.58459, -23.64517], [-46.59011, -23.64902], [-46.59296, -23.65069], [-46.59379, -23.65093], [-46.59481, -23.65158], [-46.59545, -23.65162], [-46.59566, -23.65198]]]]}}, {"type": "Feature", "properties": {"name": "Santana", "zona": "NORTE", "zona_label": "Norte", "zona_color": "#D97720"}, "geometry": {"type": "MultiPolygon", "coordinates": [[[[-46.61536, -23.50752], [-46.61557, -23.50835], [-46.61611, -23.50888], [-46.62121, -23.51129], [-46.6211, -23.51439], [-46.62067, -23.51518], [-46.61901, -23.51726], [-46.61885, -23.51779], [-46.61892, -23.51878], [-46.62044, -23.51887], [-46.62287, -23.51937], [-46.62432, -23.51938], [-46.64277, -23.51823], [-46.65395, -23.51676], [-46.65386, -23.5161], [-46.65234, -23.51627], [-46.64975, -23.51569], [-46.6505, -23.50981], [-46.64942, -23.50972], [-46.65011, -23.50886], [-46.64886, -23.50831], [-46.64907, -23.50745], [-46.64339, -23.50633], [-46.6423, -23.50566], [-46.64175, -23.50509], [-46.64122, -23.50478], [-46.6435, -23.50123], [-46.64517, -23.49612], [-46.64878, -23.494], [-46.64825, -23.49299], [-46.64889, -23.49243], [-46.65064, -23.49024], [-46.65136, -23.48868], [-46.64782, -23.48809], [-46.64633, -23.48716], [-46.64548, -23.48689], [-46.64028, -23.48655], [-46.63816, -23.48549], [-46.63693, -23.48406], [-46.63588, -23.48332], [-46.63467, -23.483], [-46.63289, -23.48299], [-46.6315, -23.48278], [-46.63026, -23.48287], [-46.62965, -23.48254], [-46.62823, -23.48141], [-46.62703, -23.48087], [-46.62638, -23.48039], [-46.6255, -23.48033], [-46.62457, -23.48048], [-46.62375, -23.48093], [-46.6232, -23.48156], [-46.62214, -23.48238], [-46.62183, -23.48128], [-46.62192, -23.47987], [-46.62181, -23.4793], [-46.61233, -23.48125], [-46.61382, -23.48355], [-46.61546, -23.48484], [-46.61133, -23.48747], [-46.61099, -23.48728], [-46.60924, -23.48797], [-46.61129, -23.4926], [-46.61165, -23.49407], [-46.61192, -23.49622], [-46.61216, -23.497], [-46.61357, -23.49908], [-46.61548, -23.5015], [-46.61505, -23.50436], [-46.61536, -23.50752]]]]}}, {"type": "Feature", "properties": {"name": "São Miguel", "zona": "LESTE", "zona_label": "Leste", "zona_color": "#9ADD41"}, "geometry": {"type": "MultiPolygon", "coordinates": [[[[-46.4314, -23.52423], [-46.43189, -23.52572], [-46.43241, -23.52633], [-46.4333, -23.52522], [-46.43394, -23.52496], [-46.43456, -23.52488], [-46.43516, -23.52497], [-46.43766, -23.52589], [-46.43841, -23.526], [-46.43941, -23.52585], [-46.4408, -23.5253], [-46.44164, -23.52515], [-46.4435, -23.52531], [-46.44479, -23.52601], [-46.44555, -23.52561], [-46.4449, -23.5243], [-46.44354, -23.52331], [-46.44327, -23.52257], [-46.44336, -23.52201], [-46.44389, -23.52121], [-46.44409, -23.52054], [-46.44359, -23.5161], [-46.44382, -23.51476], [-46.44355, -23.51162], [-46.44368, -23.5111], [-46.44492, -23.50826], [-46.446, -23.50648], [-46.44661, -23.50425], [-46.44807, -23.50242], [-46.44817, -23.50159], [-46.44777, -23.49913], [-46.44805, -23.49851], [-46.44999, -23.4982], [-46.45182, -23.49882], [-46.45225, -23.4981], [-46.45241, -23.4974], [-46.45306, -23.49651], [-46.45376, -23.49716], [-46.45517, -23.4981], [-46.4559, -23.49842], [-46.45677, -23.4984], [-46.45523, -23.49433], [-46.45336, -23.49225], [-46.45376, -23.49047], [-46.45549, -23.48601], [-46.45645, -23.48409], [-46.4577, -23.48265], [-46.45717, -23.48275], [-46.4562, -23.48264], [-46.45173, -23.48191], [-46.44893, -23.48119], [-46.4464, -23.48077], [-46.44197, -23.47945], [-46.44048, -23.47956], [-46.4402, -23.47982], [-46.44021, -23.48029], [-46.44094, -23.4819], [-46.44084, -23.48217], [-46.4373, -23.48355], [-46.43675, -23.48405], [-46.43542, -23.48579], [-46.43518, -23.48808], [-46.43603, -23.48974], [-46.43582, -23.49136], [-46.43549, -23.49196], [-46.43484, -23.49226], [-46.43266, -23.49245], [-46.43168, -23.49276], [-46.43125, -23.49306], [-46.43063, -23.49307], [-46.43033, -23.49319], [-46.42968, -23.49379], [-46.42833, -23.49729], [-46.42809, -23.49862], [-46.42805, -23.5002], [-46.42819, -23.50117], [-46.4294, -23.50454], [-46.43118, -23.50724], [-46.4323, -23.50931], [-46.43221, -23.5102], [-46.43104, -23.5124], [-46.43093, -23.51304], [-46.43036, -23.51398], [-46.43019, -23.51594], [-46.42972, -23.51669], [-46.42982, -23.51734], [-46.43058, -23.51854], [-46.43051, -23.51898], [-46.43016, -23.51948], [-46.43061, -23.52076], [-46.43047, -23.52138], [-46.43078, -23.52221], [-46.43055, -23.5242], [-46.43124, -23.5241], [-46.4314, -23.52423]]]]}}, {"type": "Feature", "properties": {"name": "Sapopemba", "zona": "LESTE", "zona_label": "Leste", "zona_color": "#9ADD41"}, "geometry": {"type": "MultiPolygon", "coordinates": [[[[-46.49225, -23.62427], [-46.49277, -23.62475], [-46.49319, -23.62541], [-46.494, -23.6253], [-46.49474, -23.62462], [-46.49577, -23.62433], [-46.49715, -23.62485], [-46.4977, -23.62484], [-46.49804, -23.62462], [-46.49867, -23.62379], [-46.50001, -23.6238], [-46.50277, -23.62544], [-46.50623, -23.62578], [-46.50737, -23.6253], [-46.50858, -23.62443], [-46.50988, -23.62372], [-46.51087, -23.6223], [-46.51147, -23.62198], [-46.5121, -23.62065], [-46.51333, -23.61884], [-46.51499, -23.61827], [-46.51602, -23.61823], [-46.51723, -23.6177], [-46.51775, -23.61733], [-46.51838, -23.61608], [-46.51961, -23.61544], [-46.52074, -23.61519], [-46.52105, -23.61486], [-46.5215, -23.61393], [-46.52217, -23.61376], [-46.5228, -23.61384], [-46.52301, -23.61319], [-46.52414, -23.61179], [-46.52466, -23.6115], [-46.52489, -23.611], [-46.52438, -23.60957], [-46.52356, -23.60873], [-46.5228, -23.60735], [-46.5219, -23.60632], [-46.52339, -23.60428], [-46.52381, -23.60396], [-46.52527, -23.60422], [-46.52627, -23.60334], [-46.52673, -23.6032], [-46.52591, -23.60161], [-46.52842, -23.59998], [-46.52933, -23.59956], [-46.53466, -23.59788], [-46.53566, -23.59733], [-46.53633, -23.5967], [-46.53228, -23.58802], [-46.53241, -23.58744], [-46.53386, -23.58475], [-46.53448, -23.58397], [-46.53367, -23.58415], [-46.53196, -23.58336], [-46.53145, -23.58334], [-46.52805, -23.58436], [-46.52696, -23.58516], [-46.52097, -23.58465], [-46.51829, -23.58588], [-46.51661, -23.58714], [-46.51579, -23.58716], [-46.51436, -23.58669], [-46.51332, -23.58676], [-46.51259, -23.58708], [-46.50979, -23.58922], [-46.50791, -23.58963], [-46.50678, -23.59004], [-46.50678, -23.59348], [-46.50271, -23.59525], [-46.50234, -23.59616], [-46.50053, -23.59686], [-46.50032, -23.59646], [-46.49875, -23.59694], [-46.49846, -23.59659], [-46.49824, -23.59674], [-46.49776, -23.59662], [-46.49666, -23.5955], [-46.49617, -23.59532], [-46.49519, -23.59543], [-46.49544, -23.59718], [-46.49629, -23.59915], [-46.49601, -23.59929], [-46.4969, -23.603], [-46.49642, -23.60434], [-46.49725, -23.60777], [-46.49774, -23.60861], [-46.49858, -23.60942], [-46.49927, -23.60973], [-46.50006, -23.61079], [-46.4934, -23.6083], [-46.48671, -23.60675], [-46.48622, -23.60682], [-46.48587, -23.60703], [-46.48464, -23.60849], [-46.48422, -23.61046], [-46.48507, -23.61024], [-46.48598, -23.61046], [-46.48462, -23.6155], [-46.48359, -23.61724], [-46.48374, -23.6182], [-46.4835, -23.61892], [-46.48347, -23.62032], [-46.48328, -23.6212], [-46.4839, -23.62388], [-46.48446, -23.62376], [-46.48477, -23.62292], [-46.48545, -23.62298], [-46.48657, -23.62283], [-46.48677, -23.62289], [-46.48785, -23.62402], [-46.48863, -23.62396], [-46.48924, -23.62411], [-46.48982, -23.62463], [-46.49049, -23.62466], [-46.49225, -23.62427]]]]}}, {"type": "Feature", "properties": {"name": "Tucuruvi", "zona": "NORTE", "zona_label": "Norte", "zona_color": "#D97720"}, "geometry": {"type": "MultiPolygon", "coordinates": [[[[-46.59606, -23.4901], [-46.59833, -23.49126], [-46.59886, -23.49195], [-46.59919, -23.49172], [-46.59996, -23.49184], [-46.60579, -23.4931], [-46.6067, -23.49319], [-46.61062, -23.49251], [-46.61129, -23.4926], [-46.60924, -23.48797], [-46.61099, -23.48728], [-46.61133, -23.48747], [-46.61546, -23.48484], [-46.61382, -23.48355], [-46.61233, -23.48125], [-46.62181, -23.4793], [-46.62069, -23.4775], [-46.61965, -23.47632], [-46.61859, -23.47396], [-46.6216, -23.47317], [-46.62703, -23.47199], [-46.62779, -23.47198], [-46.62733, -23.47101], [-46.62728, -23.47038], [-46.62755, -23.46984], [-46.62801, -23.4695], [-46.63043, -23.46941], [-46.63079, -23.46695], [-46.62996, -23.46608], [-46.62974, -23.46503], [-46.62913, -23.46431], [-46.62935, -23.46248], [-46.62954, -23.462], [-46.62856, -23.46257], [-46.62753, -23.4638], [-46.62671, -23.46352], [-46.62638, -23.46318], [-46.62465, -23.46272], [-46.62246, -23.46358], [-46.62142, -23.46364], [-46.6203, -23.46335], [-46.6194, -23.46342], [-46.61655, -23.46457], [-46.6166, -23.46392], [-46.61647, -23.46337], [-46.61543, -23.4636], [-46.61525, -23.46306], [-46.61384, -23.46203], [-46.61322, -23.46194], [-46.61231, -23.46232], [-46.61151, -23.46306], [-46.61072, -23.46427], [-46.60982, -23.46374], [-46.60501, -23.46302], [-46.60447, -23.46275], [-46.60457, -23.46242], [-46.60327, -23.46308], [-46.60318, -23.46283], [-46.60281, -23.46339], [-46.60231, -23.46372], [-46.60101, -23.46369], [-46.60056, -23.46381], [-46.59954, -23.46499], [-46.59807, -23.46531], [-46.59495, -23.46703], [-46.59374, -23.46797], [-46.5927, -23.46842], [-46.59163, -23.46863], [-46.59025, -23.46807], [-46.58963, -23.47001], [-46.58922, -23.46987], [-46.58507, -23.47397], [-46.58471, -23.47467], [-46.58454, -23.47553], [-46.58481, -23.477], [-46.58349, -23.4781], [-46.58929, -23.48159], [-46.59023, -23.4818], [-46.59052, -23.48229], [-46.59141, -23.48287], [-46.5933, -23.48589], [-46.59368, -23.48703], [-46.59487, -23.48929], [-46.59606, -23.4901]]]]}}, {"type": "Feature", "properties": {"name": "Vila Andrade", "zona": "SUL", "zona_label": "Sul", "zona_color": "#8A63E8"}, "geometry": {"type": "MultiPolygon", "coordinates": [[[[-46.7308, -23.64414], [-46.73791, -23.64263], [-46.73962, -23.64203], [-46.74164, -23.64173], [-46.74249, -23.64185], [-46.74314, -23.64179], [-46.74575, -23.64095], [-46.74683, -23.64042], [-46.74617, -23.63971], [-46.74571, -23.63955], [-46.74493, -23.6395], [-46.74482, -23.63889], [-46.74343, -23.63775], [-46.74188, -23.63577], [-46.74135, -23.63419], [-46.74974, -23.61712], [-46.74858, -23.61692], [-46.74655, -23.61564], [-46.74629, -23.61501], [-46.74605, -23.61491], [-46.74244, -23.61518], [-46.74261, -23.61593], [-46.74223, -23.61541], [-46.74174, -23.61508], [-46.7409, -23.615], [-46.73971, -23.6157], [-46.73694, -23.61698], [-46.73606, -23.61703], [-46.73554, -23.61679], [-46.73375, -23.61488], [-46.73274, -23.6147], [-46.73143, -23.61488], [-46.73073, -23.6137], [-46.72844, -23.61204], [-46.72791, -23.61149], [-46.72151, -23.61207], [-46.72074, -23.61192], [-46.71966, -23.61137], [-46.71904, -23.61132], [-46.71822, -23.61143], [-46.71749, -23.61175], [-46.71507, -23.61388], [-46.71403, -23.61389], [-46.7133, -23.6154], [-46.71249, -23.61648], [-46.71214, -23.61676], [-46.70452, -23.61752], [-46.70276, -23.61783], [-46.7021, -23.61807], [-46.70193, -23.61838], [-46.70198, -23.6195], [-46.70176, -23.61985], [-46.70138, -23.62008], [-46.70256, -23.62165], [-46.70318, -23.62225], [-46.70426, -23.6229], [-46.70575, -23.6235], [-46.70841, -23.62432], [-46.70947, -23.6248], [-46.711, -23.62576], [-46.71181, -23.62649], [-46.72198, -23.6373], [-46.72462, -23.64028], [-46.72527, -23.64131], [-46.72581, -23.64252], [-46.72632, -23.64461], [-46.72977, -23.64434], [-46.7308, -23.64414]]]]}}, {"type": "Feature", "properties": {"name": "Vila Formosa", "zona": "LESTE", "zona_label": "Leste", "zona_color": "#9ADD41"}, "geometry": {"type": "MultiPolygon", "coordinates": [[[[-46.53091, -23.58349], [-46.53186, -23.58332], [-46.53352, -23.58412], [-46.53448, -23.58397], [-46.53601, -23.5822], [-46.53729, -23.5817], [-46.54001, -23.57975], [-46.54035, -23.57938], [-46.55712, -23.57539], [-46.55695, -23.57413], [-46.55666, -23.57422], [-46.55405, -23.56852], [-46.55647, -23.56632], [-46.56495, -23.56201], [-46.56544, -23.56165], [-46.56634, -23.56022], [-46.56759, -23.55874], [-46.56861, -23.55815], [-46.56969, -23.55692], [-46.56892, -23.55363], [-46.56714, -23.55291], [-46.56721, -23.55276], [-46.56172, -23.55327], [-46.56029, -23.5543], [-46.55909, -23.55489], [-46.55581, -23.55579], [-46.55407, -23.55609], [-46.55402, -23.5554], [-46.55371, -23.55544], [-46.55281, -23.55627], [-46.55085, -23.5546], [-46.55038, -23.55445], [-46.54988, -23.55448], [-46.54953, -23.55468], [-46.54918, -23.55572], [-46.54684, -23.55533], [-46.54572, -23.55559], [-46.54548, -23.55485], [-46.54336, -23.56034], [-46.54327, -23.56092], [-46.54096, -23.56016], [-46.54055, -23.56121], [-46.54061, -23.56166], [-46.53858, -23.56173], [-46.53763, -23.56227], [-46.53713, -23.56212], [-46.5368, -23.56166], [-46.5356, -23.56187], [-46.53556, -23.56119], [-46.53109, -23.56351], [-46.53257, -23.5662], [-46.53246, -23.56668], [-46.53214, -23.56705], [-46.53132, -23.56895], [-46.53152, -23.56979], [-46.53054, -23.56934], [-46.52994, -23.57049], [-46.53142, -23.57121], [-46.53187, -23.57162], [-46.53265, -23.57281], [-46.53306, -23.573], [-46.53224, -23.57371], [-46.53165, -23.57386], [-46.53007, -23.57465], [-46.52879, -23.57548], [-46.52871, -23.57603], [-46.52664, -23.57664], [-46.52526, -23.57746], [-46.52482, -23.57757], [-46.52476, -23.57819], [-46.52506, -23.57937], [-46.52811, -23.58434], [-46.53091, -23.58349]]]]}}, {"type": "Feature", "properties": {"name": "Santa Cecília", "zona": "CENTRO", "zona_label": "Centro", "zona_color": "#E8DC4A"}, "geometry": {"type": "MultiPolygon", "coordinates": [[[[-46.64766, -23.54155], [-46.64767, -23.54175], [-46.65577, -23.54153], [-46.65836, -23.54066], [-46.66146, -23.53882], [-46.66343, -23.53705], [-46.66094, -23.5321], [-46.66089, -23.52778], [-46.65949, -23.52278], [-46.65859, -23.52152], [-46.65588, -23.51879], [-46.65536, -23.51836], [-46.65409, -23.51778], [-46.65299, -23.51887], [-46.6484, -23.52675], [-46.64822, -23.52719], [-46.64801, -23.52874], [-46.64596, -23.52855], [-46.64497, -23.5286], [-46.6439, -23.52895], [-46.64327, -23.52933], [-46.64237, -23.53018], [-46.64157, -23.53136], [-46.64124, -23.53224], [-46.63915, -23.53502], [-46.64029, -23.53501], [-46.64612, -23.53905], [-46.64656, -23.54098], [-46.64766, -23.54155]]]]}}, {"type": "Feature", "properties": {"name": "Santo Amaro", "zona": "SUL", "zona_label": "Sul", "zona_color": "#8A63E8"}, "geometry": {"type": "MultiPolygon", "coordinates": [[[[-46.70614, -23.662], [-46.70857, -23.66414], [-46.71039, -23.6651], [-46.71176, -23.66305], [-46.71333, -23.66123], [-46.71497, -23.65991], [-46.71934, -23.65695], [-46.72506, -23.65027], [-46.72573, -23.6491], [-46.72614, -23.64785], [-46.72637, -23.64661], [-46.72632, -23.64461], [-46.72581, -23.64252], [-46.72527, -23.64131], [-46.72462, -23.64028], [-46.72198, -23.6373], [-46.71181, -23.62649], [-46.711, -23.62576], [-46.70911, -23.62462], [-46.70502, -23.62324], [-46.70373, -23.62263], [-46.70256, -23.62165], [-46.70138, -23.62008], [-46.69843, -23.62091], [-46.6961, -23.6236], [-46.69264, -23.62538], [-46.69125, -23.62581], [-46.68847, -23.62576], [-46.68617, -23.62694], [-46.68563, -23.62756], [-46.68434, -23.62994], [-46.68223, -23.63196], [-46.6798, -23.63379], [-46.67876, -23.63484], [-46.67733, -23.63696], [-46.67628, -23.64052], [-46.67586, -23.64097], [-46.67437, -23.64205], [-46.67258, -23.64413], [-46.67952, -23.65271], [-46.67999, -23.65285], [-46.68042, -23.65281], [-46.68193, -23.65194], [-46.68548, -23.65119], [-46.68619, -23.65129], [-46.68978, -23.65378], [-46.69311, -23.65584], [-46.70064, -23.6596], [-46.70457, -23.66074], [-46.70526, -23.66115], [-46.70614, -23.662]]]]}}, {"type": "Feature", "properties": {"name": "São Lucas", "zona": "LESTE", "zona_label": "Leste", "zona_color": "#9ADD41"}, "geometry": {"type": "MultiPolygon", "coordinates": [[[[-46.55562, -23.59534], [-46.55583, -23.59537], [-46.55664, -23.59464], [-46.55887, -23.59374], [-46.56357, -23.58857], [-46.56593, -23.58268], [-46.56291, -23.58238], [-46.56313, -23.58141], [-46.56021, -23.58075], [-46.55967, -23.58068], [-46.55782, -23.58087], [-46.55712, -23.57539], [-46.54035, -23.57938], [-46.54001, -23.57975], [-46.53729, -23.5817], [-46.53601, -23.5822], [-46.5356, -23.58257], [-46.53393, -23.58463], [-46.53232, -23.58771], [-46.53228, -23.58802], [-46.53633, -23.5967], [-46.53566, -23.59733], [-46.53466, -23.59788], [-46.52933, -23.59956], [-46.52842, -23.59998], [-46.52591, -23.60161], [-46.52673, -23.6032], [-46.52627, -23.60334], [-46.52527, -23.60422], [-46.52381, -23.60396], [-46.52339, -23.60428], [-46.5219, -23.60632], [-46.5228, -23.60735], [-46.52356, -23.60873], [-46.52438, -23.60957], [-46.52489, -23.611], [-46.52466, -23.6115], [-46.52414, -23.61179], [-46.52301, -23.61319], [-46.5228, -23.61384], [-46.52354, -23.61405], [-46.52509, -23.61389], [-46.52933, -23.6138], [-46.5311, -23.61467], [-46.53208, -23.61409], [-46.53449, -23.61436], [-46.53826, -23.61217], [-46.54012, -23.61083], [-46.54477, -23.60799], [-46.54562, -23.60675], [-46.54654, -23.6057], [-46.54682, -23.60566], [-46.54804, -23.60609], [-46.54873, -23.60567], [-46.54974, -23.60558], [-46.55048, -23.60593], [-46.55131, -23.60681], [-46.55174, -23.60649], [-46.5519, -23.60607], [-46.55189, -23.60323], [-46.55163, -23.60276], [-46.5508, -23.60193], [-46.55035, -23.60043], [-46.55115, -23.60003], [-46.55101, -23.59812], [-46.55329, -23.59691], [-46.55446, -23.59588], [-46.55515, -23.5957], [-46.55505, -23.59534], [-46.5554, -23.59525], [-46.55562, -23.59534]]]]}}, {"type": "Feature", "properties": {"name": "São Mateus", "zona": "LESTE", "zona_label": "Leste", "zona_color": "#9ADD41"}, "geometry": {"type": "MultiPolygon", "coordinates": [[[[-46.49611, -23.60931], [-46.50006, -23.61079], [-46.49927, -23.60973], [-46.49858, -23.60942], [-46.49774, -23.60861], [-46.49725, -23.60777], [-46.49642, -23.60434], [-46.4969, -23.603], [-46.49601, -23.59929], [-46.49629, -23.59915], [-46.49544, -23.59718], [-46.49519, -23.59543], [-46.49617, -23.59532], [-46.49666, -23.5955], [-46.49776, -23.59662], [-46.49824, -23.59674], [-46.49846, -23.59659], [-46.49875, -23.59694], [-46.50032, -23.59646], [-46.50053, -23.59686], [-46.50234, -23.59616], [-46.50271, -23.59525], [-46.50678, -23.59348], [-46.50679, -23.59027], [-46.50662, -23.58924], [-46.50507, -23.58682], [-46.50466, -23.58431], [-46.50293, -23.58132], [-46.50182, -23.57983], [-46.50178, -23.57941], [-46.50234, -23.57692], [-46.50234, -23.57586], [-46.50068, -23.57744], [-46.49928, -23.57825], [-46.4977, -23.57869], [-46.49496, -23.57881], [-46.49355, -23.57939], [-46.49263, -23.5802], [-46.48816, -23.58584], [-46.48707, -23.5866], [-46.48585, -23.58695], [-46.48333, -23.58692], [-46.48238, -23.58722], [-46.48186, -23.58759], [-46.48008, -23.58947], [-46.47936, -23.58982], [-46.47745, -23.5904], [-46.47535, -23.59189], [-46.47436, -23.59239], [-46.47298, -23.59269], [-46.46749, -23.59298], [-46.46663, -23.59339], [-46.46574, -23.5942], [-46.4642, -23.59461], [-46.46417, -23.59476], [-46.46291, -23.59539], [-46.4615, -23.59666], [-46.46171, -23.59789], [-46.46147, -23.59856], [-46.46106, -23.59876], [-46.45988, -23.59886], [-46.45927, -23.59925], [-46.45894, -23.60027], [-46.45816, -23.60144], [-46.45829, -23.60204], [-46.45821, -23.60232], [-46.45793, -23.60287], [-46.45741, -23.6032], [-46.4573, -23.60345], [-46.45652, -23.60534], [-46.45638, -23.60624], [-46.45534, -23.60697], [-46.45596, -23.60812], [-46.45551, -23.60865], [-46.45517, -23.60979], [-46.45451, -23.61024], [-46.45499, -23.61134], [-46.45642, -23.61305], [-46.4566, -23.61385], [-46.45655, -23.61427], [-46.45846, -23.61473], [-46.45961, -23.6156], [-46.46105, -23.61613], [-46.46249, -23.61705], [-46.46467, -23.61688], [-46.46525, -23.61712], [-46.46578, -23.61757], [-46.4683, -23.6153], [-46.46965, -23.6146], [-46.4707, -23.61461], [-46.47083, -23.61473], [-46.47449, -23.61291], [-46.4758, -23.61318], [-46.47676, -23.61679], [-46.47821, -23.61923], [-46.47855, -23.62148], [-46.47935, -23.62259], [-46.48029, -23.6233], [-46.48164, -23.62404], [-46.48217, -23.62374], [-46.48288, -23.62358], [-46.48355, -23.62387], [-46.4839, -23.62388], [-46.48328, -23.6212], [-46.48347, -23.62032], [-46.4835, -23.61892], [-46.48374, -23.6182], [-46.48359, -23.61724], [-46.48462, -23.6155], [-46.48598, -23.61046], [-46.48507, -23.61024], [-46.48422, -23.61046], [-46.48464, -23.60849], [-46.48587, -23.60703], [-46.48638, -23.60677], [-46.48711, -23.60681], [-46.4934, -23.6083], [-46.49611, -23.60931]]]]}}, {"type": "Feature", "properties": {"name": "São Rafael", "zona": "LESTE", "zona_label": "Leste", "zona_color": "#9ADD41"}, "geometry": {"type": "MultiPolygon", "coordinates": [[[[-46.43503, -23.6416], [-46.43603, -23.64133], [-46.43829, -23.64194], [-46.44001, -23.64187], [-46.44095, -23.64215], [-46.44152, -23.64252], [-46.44297, -23.6439], [-46.44441, -23.64386], [-46.44535, -23.64369], [-46.44643, -23.64406], [-46.44785, -23.6435], [-46.44963, -23.64298], [-46.45061, -23.64284], [-46.45113, -23.64248], [-46.45242, -23.64248], [-46.45393, -23.64116], [-46.45406, -23.6409], [-46.45508, -23.64098], [-46.45518, -23.6411], [-46.45584, -23.64106], [-46.45643, -23.64132], [-46.45684, -23.64132], [-46.45778, -23.64196], [-46.45808, -23.64181], [-46.45824, -23.64186], [-46.45872, -23.64137], [-46.45899, -23.64135], [-46.45981, -23.64074], [-46.4605, -23.64051], [-46.46066, -23.64013], [-46.46107, -23.63985], [-46.46139, -23.63988], [-46.46177, -23.63949], [-46.4623, -23.63921], [-46.46273, -23.63919], [-46.46318, -23.63878], [-46.46344, -23.63887], [-46.46389, -23.63867], [-46.4653, -23.63839], [-46.466, -23.63883], [-46.46667, -23.63843], [-46.46688, -23.63851], [-46.4671, -23.63888], [-46.46791, -23.63876], [-46.46946, -23.63887], [-46.47115, -23.63853], [-46.47234, -23.63882], [-46.47309, -23.63814], [-46.4732, -23.63768], [-46.47367, -23.63726], [-46.47351, -23.63685], [-46.47359, -23.6365], [-46.47418, -23.63543], [-46.47505, -23.63455], [-46.47537, -23.63384], [-46.47534, -23.63313], [-46.47557, -23.63267], [-46.47549, -23.63163], [-46.47566, -23.63118], [-46.47543, -23.63088], [-46.47637, -23.6299], [-46.47678, -23.62897], [-46.47714, -23.62779], [-46.47726, -23.62599], [-46.47823, -23.62554], [-46.47907, -23.62546], [-46.48164, -23.62404], [-46.48029, -23.6233], [-46.47935, -23.62259], [-46.47855, -23.62148], [-46.47821, -23.61923], [-46.47676, -23.61679], [-46.4758, -23.61318], [-46.47449, -23.61291], [-46.47083, -23.61473], [-46.4707, -23.61461], [-46.46965, -23.6146], [-46.4683, -23.6153], [-46.46578, -23.61757], [-46.46525, -23.61712], [-46.46467, -23.61688], [-46.46249, -23.61705], [-46.46105, -23.61613], [-46.45961, -23.6156], [-46.45846, -23.61473], [-46.45655, -23.61427], [-46.4566, -23.61385], [-46.45642, -23.61305], [-46.45499, -23.61134], [-46.45451, -23.61024], [-46.45203, -23.6112], [-46.45111, -23.61189], [-46.45016, -23.61238], [-46.44971, -23.61289], [-46.44917, -23.61394], [-46.4485, -23.61447], [-46.44792, -23.61524], [-46.44757, -23.6154], [-46.44719, -23.61586], [-46.44645, -23.61616], [-46.44596, -23.61665], [-46.44491, -23.61638], [-46.44449, -23.6164], [-46.44408, -23.61666], [-46.44361, -23.61657], [-46.44148, -23.61719], [-46.43952, -23.61873], [-46.43527, -23.62104], [-46.43497, -23.62166], [-46.43436, -23.62234], [-46.43235, -23.62278], [-46.43085, -23.62439], [-46.43076, -23.62506], [-46.43036, -23.62591], [-46.42914, -23.62735], [-46.42912, -23.62843], [-46.42991, -23.63003], [-46.42981, -23.63038], [-46.42925, -23.63102], [-46.42945, -23.6316], [-46.4295, -23.63323], [-46.43004, -23.6351], [-46.42996, -23.63578], [-46.43006, -23.63612], [-46.43151, -23.63721], [-46.43176, -23.6376], [-46.43194, -23.6387], [-46.43136, -23.64042], [-46.43155, -23.64071], [-46.43148, -23.64107], [-46.43201, -23.64123], [-46.43289, -23.64178], [-46.43434, -23.64186], [-46.43503, -23.6416]]]]}}, {"type": "Feature", "properties": {"name": "Saúde", "zona": "SUL", "zona_label": "Sul", "zona_color": "#8A63E8"}, "geometry": {"type": "MultiPolygon", "coordinates": [[[[-46.62931, -23.62665], [-46.62982, -23.62919], [-46.63449, -23.62976], [-46.64, -23.62925], [-46.6415, -23.62929], [-46.64247, -23.62961], [-46.64419, -23.63073], [-46.64478, -23.63081], [-46.64535, -23.6307], [-46.64644, -23.63186], [-46.64669, -23.63126], [-46.64741, -23.63031], [-46.65059, -23.62944], [-46.65159, -23.62801], [-46.65277, -23.62524], [-46.65461, -23.62203], [-46.6551, -23.62076], [-46.65684, -23.61969], [-46.66169, -23.6174], [-46.65244, -23.60756], [-46.65193, -23.60685], [-46.65154, -23.60564], [-46.65089, -23.59856], [-46.64805, -23.59921], [-46.64284, -23.59969], [-46.62379, -23.5997], [-46.62812, -23.60952], [-46.62812, -23.61096], [-46.62719, -23.61389], [-46.62709, -23.6151], [-46.62787, -23.61908], [-46.62794, -23.62201], [-46.62931, -23.62665]]]]}}, {"type": "Feature", "properties": {"name": "Sé", "zona": "CENTRO", "zona_label": "Centro", "zona_color": "#E8DC4A"}, "geometry": {"type": "MultiPolygon", "coordinates": [[[[-46.62705, -23.55453], [-46.62769, -23.55571], [-46.62801, -23.55597], [-46.62863, -23.55617], [-46.63446, -23.5566], [-46.63751, -23.55613], [-46.63664, -23.55383], [-46.63663, -23.55252], [-46.63683, -23.55182], [-46.63866, -23.5494], [-46.63886, -23.54867], [-46.6341, -23.54122], [-46.63354, -23.53583], [-46.62654, -23.5376], [-46.6282, -23.54137], [-46.62732, -23.5421], [-46.62683, -23.54274], [-46.62626, -23.5447], [-46.62641, -23.54702], [-46.62634, -23.54784], [-46.62532, -23.54979], [-46.62487, -23.5513], [-46.62516, -23.55317], [-46.62535, -23.55362], [-46.62484, -23.55427], [-46.62705, -23.55453]]]]}}, {"type": "Feature", "properties": {"name": "Socorro", "zona": "SUL", "zona_label": "Sul", "zona_color": "#8A63E8"}, "geometry": {"type": "MultiPolygon", "coordinates": [[[[-46.7091, -23.70679], [-46.71237, -23.70814], [-46.71753, -23.70987], [-46.72227, -23.71092], [-46.72188, -23.70972], [-46.72178, -23.70818], [-46.72187, -23.70645], [-46.72257, -23.70442], [-46.72715, -23.69515], [-46.72734, -23.69434], [-46.72716, -23.69313], [-46.72601, -23.68999], [-46.72571, -23.68878], [-46.72543, -23.6857], [-46.72548, -23.68342], [-46.72679, -23.67401], [-46.72764, -23.67116], [-46.72727, -23.67055], [-46.72566, -23.66947], [-46.72492, -23.66876], [-46.72186, -23.65792], [-46.72123, -23.65722], [-46.71971, -23.65658], [-46.71857, -23.65756], [-46.71403, -23.66063], [-46.71312, -23.66144], [-46.71176, -23.66305], [-46.71021, -23.66538], [-46.7032, -23.67724], [-46.70185, -23.67892], [-46.69883, -23.68204], [-46.69668, -23.68554], [-46.69562, -23.68753], [-46.69669, -23.68818], [-46.69738, -23.68918], [-46.69862, -23.69318], [-46.70005, -23.69624], [-46.70248, -23.70535], [-46.7036, -23.7052], [-46.70571, -23.70536], [-46.70679, -23.70531], [-46.70776, -23.70619], [-46.7091, -23.70679]]]]}}, {"type": "Feature", "properties": {"name": "Tatuapé", "zona": "LESTE", "zona_label": "Leste", "zona_color": "#9ADD41"}, "geometry": {"type": "MultiPolygon", "coordinates": [[[[-46.55461, -23.54986], [-46.55381, -23.55288], [-46.55407, -23.55609], [-46.55581, -23.55579], [-46.55909, -23.55489], [-46.56029, -23.5543], [-46.56172, -23.55327], [-46.56721, -23.55276], [-46.56714, -23.55291], [-46.56892, -23.55363], [-46.56946, -23.5533], [-46.56971, -23.55283], [-46.57096, -23.55262], [-46.57117, -23.55217], [-46.57307, -23.55254], [-46.57449, -23.55262], [-46.57741, -23.55202], [-46.57886, -23.54926], [-46.58112, -23.53976], [-46.58134, -23.5392], [-46.58208, -23.53813], [-46.58391, -23.53093], [-46.58501, -23.52833], [-46.57634, -23.5262], [-46.57482, -23.52615], [-46.57205, -23.5264], [-46.5707, -23.52624], [-46.56873, -23.52561], [-46.56496, -23.52372], [-46.563, -23.52338], [-46.5599, -23.52344], [-46.55881, -23.5232], [-46.55823, -23.52293], [-46.55717, -23.52465], [-46.55554, -23.52677], [-46.55224, -23.53171], [-46.55154, -23.53224], [-46.5499, -23.5329], [-46.54902, -23.53345], [-46.54859, -23.53392], [-46.54825, -23.5349], [-46.55819, -23.53691], [-46.55668, -23.54288], [-46.55596, -23.54473], [-46.55461, -23.54986]]]]}}, {"type": "Feature", "properties": {"name": "Tremembé", "zona": "NORTE", "zona_label": "Norte", "zona_color": "#D97720"}, "geometry": {"type": "MultiPolygon", "coordinates": [[[[-46.57519, -23.44854], [-46.57553, -23.44835], [-46.57618, -23.4476], [-46.5765, -23.44751], [-46.57684, -23.44753], [-46.57816, -23.44808], [-46.57938, -23.44825], [-46.57953, -23.44902], [-46.58029, -23.45011], [-46.58174, -23.45125], [-46.58234, -23.45241], [-46.58363, -23.45339], [-46.58489, -23.45488], [-46.58519, -23.45552], [-46.58548, -23.45568], [-46.58574, -23.45619], [-46.58573, -23.45635], [-46.58493, -23.45642], [-46.5821, -23.45707], [-46.58258, -23.45752], [-46.58348, -23.45801], [-46.58457, -23.45839], [-46.58492, -23.45871], [-46.58685, -23.46185], [-46.58823, -23.46375], [-46.58865, -23.46395], [-46.58926, -23.46397], [-46.58984, -23.46382], [-46.59029, -23.46341], [-46.59072, -23.46342], [-46.59196, -23.46419], [-46.59366, -23.46591], [-46.59404, -23.46594], [-46.59488, -23.46573], [-46.5955, -23.46672], [-46.59807, -23.46531], [-46.59954, -23.46499], [-46.60056, -23.46381], [-46.60101, -23.46369], [-46.60231, -23.46372], [-46.60281, -23.46339], [-46.60318, -23.46283], [-46.60327, -23.46308], [-46.60457, -23.46242], [-46.60447, -23.46275], [-46.60501, -23.46302], [-46.60982, -23.46374], [-46.61072, -23.46427], [-46.61151, -23.46306], [-46.61231, -23.46232], [-46.61322, -23.46194], [-46.61402, -23.46208], [-46.61525, -23.46306], [-46.61543, -23.4636], [-46.61647, -23.46337], [-46.6166, -23.46392], [-46.61655, -23.46457], [-46.6194, -23.46342], [-46.6203, -23.46335], [-46.62142, -23.46364], [-46.62246, -23.46358], [-46.62465, -23.46272], [-46.62638, -23.46318], [-46.62671, -23.46352], [-46.62758, -23.46378], [-46.62856, -23.46257], [-46.63001, -23.46177], [-46.63013, -23.46049], [-46.63061, -23.45987], [-46.63124, -23.45953], [-46.63315, -23.45925], [-46.63371, -23.45872], [-46.63399, -23.45718], [-46.63431, -23.45656], [-46.63584, -23.4546], [-46.63624, -23.453], [-46.63669, -23.45228], [-46.63638, -23.45146], [-46.63663, -23.45011], [-46.63588, -23.44931], [-46.63587, -23.44901], [-46.63753, -23.44734], [-46.63764, -23.44688], [-46.63742, -23.44641], [-46.63653, -23.44572], [-46.63647, -23.44507], [-46.63548, -23.44368], [-46.63321, -23.44209], [-46.63141, -23.43921], [-46.63179, -23.43785], [-46.63287, -23.43729], [-46.6326, -23.43554], [-46.63292, -23.43494], [-46.63359, -23.43421], [-46.63408, -23.43311], [-46.63377, -23.43171], [-46.63417, -23.43099], [-46.63377, -23.43019], [-46.63386, -23.42914], [-46.63135, -23.42827], [-46.63103, -23.42655], [-46.62944, -23.42566], [-46.62767, -23.42362], [-46.62719, -23.42322], [-46.62675, -23.42301], [-46.62612, -23.42294], [-46.62338, -23.423], [-46.62237, -23.42288], [-46.62151, -23.42249], [-46.62121, -23.42097], [-46.62137, -23.42003], [-46.62159, -23.41937], [-46.62324, -23.41703], [-46.62317, -23.4166], [-46.62237, -23.41661], [-46.62077, -23.41697], [-46.62043, -23.41718], [-46.61978, -23.41819], [-46.61934, -23.41834], [-46.6161, -23.4179], [-46.6135, -23.41775], [-46.61282, -23.41755], [-46.61261, -23.41736], [-46.61249, -23.41667], [-46.61287, -23.41583], [-46.6136, -23.41478], [-46.61436, -23.41217], [-46.61418, -23.41151], [-46.61372, -23.411], [-46.61311, -23.41074], [-46.61223, -23.41063], [-46.61145, -23.41018], [-46.61145, -23.40954], [-46.61227, -23.40744], [-46.61221, -23.40683], [-46.61177, -23.40606], [-46.61024, -23.40401], [-46.60914, -23.40183], [-46.60751, -23.40011], [-46.60672, -23.39897], [-46.60585, -23.39803], [-46.60471, -23.39731], [-46.59952, -23.39511], [-46.59874, -23.39441], [-46.59851, -23.39346], [-46.59875, -23.39232], [-46.59933, -23.39171], [-46.60052, -23.39086], [-46.60064, -23.39063], [-46.60095, -23.3891], [-46.60061, -23.38844], [-46.59968, -23.38787], [-46.59803, -23.38718], [-46.59617, -23.38577], [-46.59532, -23.38546], [-46.59283, -23.3849], [-46.59231, -23.3846], [-46.58992, -23.38295], [-46.58861, -23.38131], [-46.58822, -23.38107], [-46.58623, -23.38071], [-46.58552, -23.3803], [-46.58409, -23.37891], [-46.58328, -23.37744], [-46.58252, -23.37719], [-46.58136, -23.37715], [-46.58101, -23.37695], [-46.58077, -23.37607], [-46.58067, -23.37461], [-46.58045, -23.37419], [-46.57991, -23.3738], [-46.57912, -23.37372], [-46.57578, -23.37391], [-46.57471, -23.37434], [-46.57404, -23.37499], [-46.57325, -23.37545], [-46.57016, -23.37613], [-46.56941, -23.37609], [-46.56852, -23.37574], [-46.5683, -23.37548], [-46.56791, -23.37438], [-46.56699, -23.37353], [-46.56602, -23.37152], [-46.5654, -23.37081], [-46.56384, -23.36993], [-46.56016, -23.36866], [-46.55959, -23.36759], [-46.55802, -23.36545], [-46.55705, -23.36471], [-46.55517, -23.3638], [-46.55465, -23.36258], [-46.55317, -23.36084], [-46.55227, -23.35916], [-46.55208, -23.35812], [-46.55181, -23.35768], [-46.55085, -23.35722], [-46.54943, -23.35629], [-46.54705, -23.35769], [-46.54624, -23.35791], [-46.54547, -23.35784], [-46.54461, -23.35727], [-46.54412, -23.35725], [-46.54344, -23.35753], [-46.54288, -23.35798], [-46.54197, -23.35827], [-46.54133, -23.35966], [-46.54051, -23.36053], [-46.53952, -23.36063], [-46.53883, -23.3617], [-46.53544, -23.36331], [-46.5366, -23.36402], [-46.53775, -23.36631], [-46.53773, -23.36676], [-46.53711, -23.36881], [-46.53713, -23.36939], [-46.53751, -23.36985], [-46.53886, -23.37057], [-46.54196, -23.37389], [-46.54275, -23.37451], [-46.54434, -23.37526], [-46.54503, -23.37601], [-46.54521, -23.37683], [-46.54519, -23.37873], [-46.54512, -23.37953], [-46.54465, -23.38118], [-46.54453, -23.38415], [-46.54468, -23.38469], [-46.54577, -23.38572], [-46.5455, -23.38652], [-46.54553, -23.38687], [-46.54599, -23.38722], [-46.54712, -23.38773], [-46.54898, -23.38997], [-46.5501, -23.39105], [-46.5521, -23.39243], [-46.55323, -23.39367], [-46.55383, -23.39491], [-46.55633, -23.39768], [-46.55635, -23.39859], [-46.55577, -23.39955], [-46.55508, -23.40114], [-46.55496, -23.4019], [-46.5551, -23.40235], [-46.55595, -23.40321], [-46.55652, -23.40513], [-46.55652, -23.40705], [-46.55606, -23.40818], [-46.55639, -23.40892], [-46.55644, -23.40959], [-46.55738, -23.41002], [-46.55755, -23.41061], [-46.55812, -23.41106], [-46.5591, -23.41066], [-46.55982, -23.41084], [-46.56, -23.4113], [-46.56078, -23.41212], [-46.56138, -23.41216], [-46.56161, -23.41231], [-46.5615, -23.4128], [-46.56168, -23.41316], [-46.56224, -23.41324], [-46.56313, -23.41314], [-46.56357, -23.41365], [-46.56461, -23.41434], [-46.56514, -23.4146], [-46.566, -23.41472], [-46.56668, -23.41552], [-46.5669, -23.41614], [-46.56685, -23.41643], [-46.56668, -23.41651], [-46.56617, -23.41729], [-46.56558, -23.41769], [-46.56536, -23.41801], [-46.56544, -23.41827], [-46.5661, -23.41882], [-46.56624, -23.42021], [-46.56648, -23.42061], [-46.56641, -23.42115], [-46.56674, -23.4219], [-46.56648, -23.42261], [-46.56649, -23.42358], [-46.56574, -23.42427], [-46.5658, -23.42452], [-46.56621, -23.42498], [-46.56627, -23.42531], [-46.56568, -23.42624], [-46.56572, -23.42742], [-46.56648, -23.42886], [-46.56695, -23.42925], [-46.56705, -23.42988], [-46.56905, -23.42868], [-46.56993, -23.42873], [-46.57077, -23.42907], [-46.56956, -23.43142], [-46.56875, -23.43358], [-46.56831, -23.43527], [-46.56797, -23.43756], [-46.5686, -23.43766], [-46.56921, -23.43832], [-46.57004, -23.4384], [-46.57046, -23.43859], [-46.57062, -23.4393], [-46.57211, -23.44062], [-46.57287, -23.4418], [-46.57265, -23.44217], [-46.57384, -23.44368], [-46.57407, -23.44512], [-46.57439, -23.44565], [-46.57473, -23.44679], [-46.57462, -23.447], [-46.5748, -23.44735], [-46.57498, -23.44855], [-46.57519, -23.44854]]]]}}, {"type": "Feature", "properties": {"name": "Vila Curuçá", "zona": "LESTE", "zona_label": "Leste", "zona_color": "#9ADD41"}, "geometry": {"type": "MultiPolygon", "coordinates": [[[[-46.43001, -23.52063], [-46.43021, -23.52394], [-46.43043, -23.52422], [-46.43055, -23.5242], [-46.43078, -23.52221], [-46.43047, -23.52138], [-46.43061, -23.52076], [-46.43016, -23.51948], [-46.43051, -23.51898], [-46.43058, -23.51854], [-46.42982, -23.51734], [-46.42972, -23.51669], [-46.43019, -23.51594], [-46.43036, -23.51398], [-46.43093, -23.51304], [-46.43104, -23.5124], [-46.43221, -23.5102], [-46.43232, -23.50947], [-46.43214, -23.50889], [-46.43118, -23.50724], [-46.4295, -23.50474], [-46.42837, -23.50173], [-46.42805, -23.5002], [-46.42809, -23.49862], [-46.42828, -23.49752], [-46.42899, -23.49544], [-46.42937, -23.49478], [-46.42952, -23.4941], [-46.43012, -23.49336], [-46.43045, -23.49313], [-46.43125, -23.49306], [-46.43168, -23.49276], [-46.43266, -23.49245], [-46.43512, -23.49219], [-46.43568, -23.4917], [-46.43585, -23.4912], [-46.40746, -23.49406], [-46.40551, -23.49414], [-46.40624, -23.49631], [-46.4069, -23.49695], [-46.40738, -23.49875], [-46.4075, -23.50023], [-46.4067, -23.50141], [-46.40666, -23.50222], [-46.40639, -23.50286], [-46.4062, -23.50309], [-46.40577, -23.50327], [-46.40528, -23.50448], [-46.40465, -23.50657], [-46.40389, -23.50838], [-46.40397, -23.50906], [-46.40358, -23.5101], [-46.40339, -23.51038], [-46.40156, -23.51163], [-46.40136, -23.5119], [-46.40154, -23.51281], [-46.4013, -23.51329], [-46.40201, -23.51416], [-46.40199, -23.51524], [-46.40221, -23.51588], [-46.4015, -23.51677], [-46.39933, -23.51894], [-46.39895, -23.51966], [-46.39871, -23.52155], [-46.39815, -23.52236], [-46.39768, -23.52446], [-46.39702, -23.52529], [-46.39744, -23.52671], [-46.39802, -23.52597], [-46.39858, -23.52637], [-46.3996, -23.52663], [-46.40028, -23.52714], [-46.40052, -23.52717], [-46.40069, -23.52704], [-46.40105, -23.52713], [-46.40167, -23.52746], [-46.40177, -23.5277], [-46.40251, -23.52818], [-46.40298, -23.52819], [-46.40361, -23.52856], [-46.40461, -23.52858], [-46.40499, -23.52893], [-46.40578, -23.52892], [-46.40625, -23.52906], [-46.408, -23.52785], [-46.40995, -23.52692], [-46.41293, -23.52464], [-46.41825, -23.52361], [-46.4183, -23.52251], [-46.41926, -23.52021], [-46.4218, -23.52145], [-46.42379, -23.52072], [-46.42612, -23.51949], [-46.42899, -23.51947], [-46.42936, -23.51974], [-46.43001, -23.52063]]]]}}, {"type": "Feature", "properties": {"name": "Vila Guilherme", "zona": "NORTE", "zona_label": "Norte", "zona_color": "#D97720"}, "geometry": {"type": "MultiPolygon", "coordinates": [[[[-46.59508, -23.52527], [-46.59694, -23.52763], [-46.60157, -23.5239], [-46.60323, -23.52302], [-46.60444, -23.52275], [-46.60523, -23.52272], [-46.60908, -23.52331], [-46.61028, -23.52322], [-46.61158, -23.52282], [-46.61292, -23.5221], [-46.61601, -23.51968], [-46.61767, -23.51898], [-46.61892, -23.51878], [-46.61885, -23.51779], [-46.61901, -23.51726], [-46.62095, -23.51475], [-46.62116, -23.51402], [-46.62121, -23.51129], [-46.61611, -23.50888], [-46.6155, -23.5082], [-46.61505, -23.50442], [-46.61548, -23.5015], [-46.61357, -23.49908], [-46.61216, -23.497], [-46.61192, -23.49622], [-46.61165, -23.49407], [-46.61129, -23.4926], [-46.61062, -23.49251], [-46.60722, -23.49311], [-46.6063, -23.49317], [-46.60159, -23.49214], [-46.59907, -23.49176], [-46.59757, -23.49272], [-46.59814, -23.49601], [-46.59689, -23.49676], [-46.59682, -23.49818], [-46.59558, -23.49821], [-46.59482, -23.49892], [-46.59319, -23.49994], [-46.59338, -23.50059], [-46.59335, -23.50167], [-46.59351, -23.50224], [-46.59473, -23.50322], [-46.59598, -23.50399], [-46.59688, -23.50599], [-46.596, -23.50732], [-46.59572, -23.50804], [-46.59537, -23.5081], [-46.59485, -23.50957], [-46.59511, -23.52009], [-46.59525, -23.52055], [-46.59599, -23.52161], [-46.59609, -23.5222], [-46.59585, -23.52359], [-46.59531, -23.52436], [-46.59508, -23.52527]]]]}}, {"type": "Feature", "properties": {"name": "Vila Jacuí", "zona": "LESTE", "zona_label": "Leste", "zona_color": "#9ADD41"}, "geometry": {"type": "MultiPolygon", "coordinates": [[[[-46.44362, -23.5124], [-46.44372, -23.51347], [-46.45173, -23.5141], [-46.45514, -23.51534], [-46.46327, -23.51541], [-46.46768, -23.5161], [-46.46798, -23.51633], [-46.46951, -23.51875], [-46.47007, -23.51918], [-46.47094, -23.51946], [-46.4742, -23.519], [-46.47447, -23.51878], [-46.4754, -23.51729], [-46.47633, -23.51676], [-46.47693, -23.51237], [-46.47803, -23.50691], [-46.47386, -23.50494], [-46.47159, -23.50312], [-46.47088, -23.50173], [-46.46958, -23.50039], [-46.46764, -23.49913], [-46.46822, -23.4958], [-46.46899, -23.49491], [-46.47002, -23.49441], [-46.47026, -23.49388], [-46.46968, -23.49136], [-46.46963, -23.48926], [-46.46802, -23.48887], [-46.46772, -23.48839], [-46.46905, -23.4851], [-46.47026, -23.48406], [-46.46934, -23.48106], [-46.46591, -23.48227], [-46.46327, -23.48283], [-46.46047, -23.48303], [-46.45816, -23.4825], [-46.4577, -23.48265], [-46.45686, -23.48355], [-46.45606, -23.48476], [-46.45549, -23.48601], [-46.45376, -23.49047], [-46.45336, -23.49225], [-46.45523, -23.49433], [-46.45677, -23.4984], [-46.4559, -23.49842], [-46.45517, -23.4981], [-46.45376, -23.49716], [-46.45306, -23.49651], [-46.45241, -23.4974], [-46.45225, -23.4981], [-46.45182, -23.49882], [-46.44999, -23.4982], [-46.44805, -23.49851], [-46.44777, -23.49913], [-46.44817, -23.50159], [-46.44807, -23.50242], [-46.44661, -23.50425], [-46.446, -23.50648], [-46.44492, -23.50826], [-46.44382, -23.51071], [-46.44355, -23.51162], [-46.44362, -23.5124]]]]}}, {"type": "Feature", "properties": {"name": "Vila Leopoldina", "zona": "OESTE", "zona_label": "Oeste", "zona_color": "#CF4CC8"}, "geometry": {"type": "MultiPolygon", "coordinates": [[[[-46.73454, -23.54572], [-46.748, -23.53368], [-46.74845, -23.53296], [-46.74875, -23.5319], [-46.749, -23.5287], [-46.74927, -23.52754], [-46.74993, -23.5266], [-46.75121, -23.52614], [-46.75192, -23.52542], [-46.75107, -23.52536], [-46.75013, -23.52505], [-46.74889, -23.52423], [-46.74849, -23.52367], [-46.74682, -23.52003], [-46.74591, -23.51907], [-46.74431, -23.51806], [-46.74307, -23.51766], [-46.74175, -23.51753], [-46.73425, -23.51783], [-46.7327, -23.51775], [-46.73105, -23.51727], [-46.72641, -23.51469], [-46.72536, -23.5179], [-46.72482, -23.51851], [-46.72348, -23.51939], [-46.72359, -23.51966], [-46.72213, -23.52147], [-46.72216, -23.52181], [-46.72085, -23.52631], [-46.72009, -23.52756], [-46.71988, -23.52866], [-46.72007, -23.5289], [-46.71916, -23.53199], [-46.7195, -23.53331], [-46.71913, -23.53614], [-46.71957, -23.5369], [-46.72033, -23.53728], [-46.72104, -23.53733], [-46.72416, -23.53697], [-46.72481, -23.53708], [-46.72573, -23.53745], [-46.7279, -23.53953], [-46.72804, -23.54018], [-46.72796, -23.54116], [-46.72815, -23.54122], [-46.72841, -23.54106], [-46.72864, -23.54122], [-46.72927, -23.54125], [-46.72952, -23.54113], [-46.72984, -23.54128], [-46.73454, -23.54572]]]]}}, {"type": "Feature", "properties": {"name": "Vila Maria", "zona": "NORTE", "zona_label": "Norte", "zona_color": "#D97720"}, "geometry": {"type": "MultiPolygon", "coordinates": [[[[-46.57173, -23.52639], [-46.57482, -23.52615], [-46.57653, -23.52623], [-46.59016, -23.52963], [-46.59127, -23.5298], [-46.59287, -23.52974], [-46.59451, -23.52933], [-46.59527, -23.52891], [-46.59694, -23.52763], [-46.59508, -23.52527], [-46.59531, -23.52436], [-46.59585, -23.52359], [-46.59609, -23.5222], [-46.59599, -23.52161], [-46.59525, -23.52055], [-46.59511, -23.52009], [-46.59483, -23.50994], [-46.59486, -23.50944], [-46.59537, -23.5081], [-46.59572, -23.50804], [-46.596, -23.50732], [-46.59688, -23.50599], [-46.59598, -23.50399], [-46.59473, -23.50322], [-46.59351, -23.50224], [-46.59335, -23.50167], [-46.59338, -23.50059], [-46.59319, -23.49994], [-46.59218, -23.50035], [-46.58993, -23.49908], [-46.58848, -23.49879], [-46.58763, -23.49782], [-46.58479, -23.49513], [-46.58437, -23.49495], [-46.58293, -23.49473], [-46.58138, -23.49494], [-46.57946, -23.49502], [-46.57749, -23.49533], [-46.57701, -23.49552], [-46.57433, -23.49788], [-46.57066, -23.50154], [-46.57068, -23.50245], [-46.56928, -23.50368], [-46.56863, -23.50397], [-46.56753, -23.50391], [-46.56204, -23.50008], [-46.55937, -23.50442], [-46.55931, -23.5049], [-46.55951, -23.50602], [-46.55924, -23.50691], [-46.55804, -23.5081], [-46.55547, -23.5101], [-46.55615, -23.51207], [-46.5564, -23.5143], [-46.55632, -23.51547], [-46.55567, -23.51827], [-46.55564, -23.51945], [-46.55608, -23.52096], [-46.55682, -23.52195], [-46.55773, -23.52266], [-46.55881, -23.5232], [-46.56003, -23.52345], [-46.563, -23.52338], [-46.56452, -23.52361], [-46.56556, -23.52394], [-46.56927, -23.52584], [-46.5707, -23.52624], [-46.57173, -23.52639]]]]}}, {"type": "Feature", "properties": {"name": "Vila Mariana", "zona": "SUL", "zona_label": "Sul", "zona_color": "#8A63E8"}, "geometry": {"type": "MultiPolygon", "coordinates": [[[[-46.65089, -23.59856], [-46.65048, -23.5934], [-46.65019, -23.59256], [-46.64999, -23.59238], [-46.64963, -23.59235], [-46.64803, -23.59267], [-46.6494, -23.59174], [-46.64979, -23.59077], [-46.64962, -23.59035], [-46.64806, -23.58864], [-46.64828, -23.58737], [-46.64763, -23.58592], [-46.6477, -23.58452], [-46.64918, -23.58257], [-46.64931, -23.58156], [-46.65081, -23.58003], [-46.65109, -23.57951], [-46.65093, -23.57751], [-46.65074, -23.57696], [-46.6506, -23.57409], [-46.65274, -23.57293], [-46.65357, -23.5721], [-46.64995, -23.56877], [-46.64894, -23.56764], [-46.64175, -23.57309], [-46.63534, -23.57512], [-46.63376, -23.57501], [-46.63422, -23.57533], [-46.6342, -23.57547], [-46.63408, -23.5756], [-46.63356, -23.57563], [-46.63307, -23.57645], [-46.63275, -23.57828], [-46.63261, -23.5785], [-46.62924, -23.57879], [-46.62851, -23.57873], [-46.62813, -23.57855], [-46.62794, -23.57828], [-46.61928, -23.57819], [-46.61421, -23.58187], [-46.61477, -23.58274], [-46.61519, -23.58313], [-46.61693, -23.58359], [-46.61751, -23.58401], [-46.61943, -23.58724], [-46.61994, -23.58878], [-46.62122, -23.59483], [-46.62379, -23.5997], [-46.64284, -23.59969], [-46.64805, -23.59921], [-46.65089, -23.59856]]]]}}, {"type": "Feature", "properties": {"name": "Vila Matilde", "zona": "LESTE", "zona_label": "Leste", "zona_color": "#9ADD41"}, "geometry": {"type": "MultiPolygon", "coordinates": [[[[-46.50164, -23.54741], [-46.50225, -23.54945], [-46.50496, -23.54887], [-46.50576, -23.54884], [-46.50688, -23.54919], [-46.50838, -23.55019], [-46.51103, -23.55038], [-46.51302, -23.55213], [-46.5137, -23.55345], [-46.51408, -23.55389], [-46.51715, -23.55513], [-46.51823, -23.55362], [-46.51882, -23.55303], [-46.524, -23.55004], [-46.52551, -23.5482], [-46.52745, -23.54678], [-46.52984, -23.54444], [-46.53339, -23.54281], [-46.53553, -23.54136], [-46.53675, -23.54111], [-46.5387, -23.54119], [-46.53925, -23.54109], [-46.54439, -23.53907], [-46.54565, -23.53845], [-46.54512, -23.53833], [-46.54565, -23.53845], [-46.54669, -23.53801], [-46.54753, -23.53712], [-46.54839, -23.53447], [-46.53354, -23.53158], [-46.53202, -23.53149], [-46.52811, -23.53192], [-46.52089, -23.53106], [-46.51986, -23.5307], [-46.51429, -23.5281], [-46.50917, -23.5273], [-46.50813, -23.52728], [-46.50712, -23.52747], [-46.50587, -23.528], [-46.50128, -23.53095], [-46.50171, -23.53152], [-46.50131, -23.53232], [-46.49837, -23.53576], [-46.49591, -23.53984], [-46.49628, -23.54], [-46.49345, -23.54332], [-46.49688, -23.54277], [-46.49842, -23.54311], [-46.49946, -23.54379], [-46.50044, -23.54527], [-46.5012, -23.54599], [-46.50164, -23.54741]]]]}}, {"type": "Feature", "properties": {"name": "Vila Medeiros", "zona": "NORTE", "zona_label": "Norte", "zona_color": "#D97720"}, "geometry": {"type": "MultiPolygon", "coordinates": [[[[-46.57091, -23.50135], [-46.57433, -23.49788], [-46.57701, -23.49552], [-46.57749, -23.49533], [-46.57946, -23.49502], [-46.58138, -23.49494], [-46.58293, -23.49473], [-46.58422, -23.49492], [-46.58479, -23.49513], [-46.58763, -23.49782], [-46.58841, -23.49875], [-46.58993, -23.49908], [-46.59218, -23.50035], [-46.59344, -23.49981], [-46.59482, -23.49892], [-46.59558, -23.49821], [-46.59682, -23.49818], [-46.59689, -23.49676], [-46.59814, -23.49601], [-46.59757, -23.49272], [-46.59886, -23.49195], [-46.59833, -23.49126], [-46.59582, -23.48999], [-46.59492, -23.48935], [-46.59368, -23.48703], [-46.5933, -23.48589], [-46.5915, -23.48295], [-46.59052, -23.48229], [-46.59023, -23.4818], [-46.58929, -23.48159], [-46.58318, -23.47793], [-46.58144, -23.47568], [-46.58057, -23.47517], [-46.58014, -23.47466], [-46.57922, -23.47399], [-46.57759, -23.47389], [-46.57687, -23.47355], [-46.57653, -23.47355], [-46.57569, -23.47322], [-46.57493, -23.47335], [-46.57394, -23.47328], [-46.57365, -23.47319], [-46.5733, -23.47279], [-46.57203, -23.47268], [-46.57167, -23.47222], [-46.56459, -23.48502], [-46.56111, -23.48732], [-46.56087, -23.48822], [-46.56015, -23.4889], [-46.55995, -23.48947], [-46.56008, -23.49422], [-46.56054, -23.49649], [-46.56205, -23.4992], [-46.56214, -23.49983], [-46.56204, -23.50008], [-46.56753, -23.50391], [-46.56863, -23.50397], [-46.56955, -23.50348], [-46.57068, -23.50245], [-46.57066, -23.50154], [-46.57091, -23.50135]]]]}}, {"type": "Feature", "properties": {"name": "Vila Prudente", "zona": "LESTE", "zona_label": "Leste", "zona_color": "#9ADD41"}, "geometry": {"type": "MultiPolygon", "coordinates": [[[[-46.5557, -23.61156], [-46.55658, -23.61205], [-46.55716, -23.61209], [-46.5578, -23.61193], [-46.56535, -23.60729], [-46.56801, -23.60529], [-46.5748, -23.60107], [-46.57552, -23.60076], [-46.57711, -23.6005], [-46.579, -23.59952], [-46.57882, -23.60085], [-46.57945, -23.60216], [-46.57925, -23.60398], [-46.5793, -23.60467], [-46.59437, -23.58675], [-46.59511, -23.58552], [-46.59701, -23.58158], [-46.59013, -23.58192], [-46.59091, -23.58021], [-46.59034, -23.58079], [-46.58948, -23.58104], [-46.58864, -23.58092], [-46.58792, -23.58051], [-46.58511, -23.57628], [-46.5848, -23.57543], [-46.58485, -23.57443], [-46.58134, -23.57298], [-46.58028, -23.57386], [-46.57971, -23.57397], [-46.57897, -23.57463], [-46.57914, -23.57473], [-46.57928, -23.57509], [-46.57935, -23.57554], [-46.5792, -23.57584], [-46.57825, -23.57601], [-46.57774, -23.5759], [-46.57755, -23.57605], [-46.57669, -23.57769], [-46.57589, -23.57763], [-46.57238, -23.57939], [-46.56972, -23.58003], [-46.56715, -23.58112], [-46.56557, -23.58137], [-46.56313, -23.58141], [-46.56291, -23.58238], [-46.56593, -23.58268], [-46.56357, -23.58857], [-46.55887, -23.59374], [-46.55664, -23.59464], [-46.55579, -23.5954], [-46.5554, -23.59525], [-46.55505, -23.59534], [-46.55515, -23.5957], [-46.55446, -23.59588], [-46.55329, -23.59691], [-46.55101, -23.59812], [-46.55115, -23.60003], [-46.55035, -23.60043], [-46.5508, -23.60193], [-46.55163, -23.60276], [-46.55189, -23.60323], [-46.5519, -23.60607], [-46.55174, -23.60649], [-46.55131, -23.60681], [-46.55326, -23.60897], [-46.55398, -23.61045], [-46.5557, -23.61156]]]]}}, {"type": "Feature", "properties": {"name": "Vila Sônia", "zona": "OESTE", "zona_label": "Oeste", "zona_color": "#CF4CC8"}, "geometry": {"type": "MultiPolygon", "coordinates": [[[[-46.74637, -23.61531], [-46.74655, -23.61564], [-46.74872, -23.61698], [-46.74974, -23.61712], [-46.75023, -23.61614], [-46.75095, -23.61304], [-46.7517, -23.60876], [-46.75152, -23.60791], [-46.75172, -23.60669], [-46.75149, -23.60643], [-46.75012, -23.60603], [-46.74976, -23.60497], [-46.7492, -23.60444], [-46.75033, -23.60422], [-46.75088, -23.60269], [-46.75144, -23.60195], [-46.75248, -23.60187], [-46.75415, -23.601], [-46.75512, -23.6007], [-46.75653, -23.59976], [-46.7573, -23.59978], [-46.75823, -23.59938], [-46.75921, -23.59821], [-46.75926, -23.59796], [-46.75903, -23.59753], [-46.75902, -23.59723], [-46.76014, -23.59574], [-46.76055, -23.59497], [-46.76011, -23.59396], [-46.75869, -23.59313], [-46.754, -23.59134], [-46.75362, -23.59103], [-46.75428, -23.5902], [-46.7554, -23.58948], [-46.7558, -23.58849], [-46.75611, -23.58838], [-46.75613, -23.58817], [-46.75555, -23.58714], [-46.75541, -23.5865], [-46.74947, -23.58652], [-46.7485, -23.58631], [-46.74631, -23.58533], [-46.74524, -23.58506], [-46.74427, -23.58499], [-46.73977, -23.58518], [-46.73797, -23.58475], [-46.73552, -23.58992], [-46.73301, -23.58888], [-46.73242, -23.58832], [-46.73191, -23.58705], [-46.73133, -23.5864], [-46.72857, -23.58504], [-46.72535, -23.58244], [-46.72408, -23.58387], [-46.72437, -23.5856], [-46.72432, -23.58659], [-46.72196, -23.59042], [-46.72122, -23.59336], [-46.72045, -23.59451], [-46.72001, -23.59761], [-46.72017, -23.598], [-46.72012, -23.59823], [-46.72046, -23.59866], [-46.72465, -23.60197], [-46.7251, -23.60246], [-46.72525, -23.603], [-46.72507, -23.60446], [-46.72533, -23.60703], [-46.72551, -23.60778], [-46.72586, -23.60839], [-46.72798, -23.6116], [-46.73073, -23.6137], [-46.73143, -23.61488], [-46.73274, -23.6147], [-46.73375, -23.61488], [-46.7353, -23.61657], [-46.73583, -23.61696], [-46.73629, -23.61707], [-46.73694, -23.61698], [-46.73971, -23.6157], [-46.7409, -23.615], [-46.74174, -23.61508], [-46.74223, -23.61541], [-46.74261, -23.61593], [-46.74244, -23.61518], [-46.74605, -23.61491], [-46.74629, -23.61501], [-46.74637, -23.61531]]]]}}, {"type": "Feature", "properties": {"name": "Lajeado", "zona": "LESTE", "zona_label": "Leste", "zona_color": "#9ADD41"}, "geometry": {"type": "MultiPolygon", "coordinates": [[[[-46.39197, -23.54933], [-46.3945, -23.54921], [-46.39505, -23.54896], [-46.39507, -23.55085], [-46.39473, -23.55126], [-46.39323, -23.55217], [-46.39313, -23.55258], [-46.39557, -23.55104], [-46.39816, -23.54821], [-46.40118, -23.54632], [-46.41246, -23.54318], [-46.41411, -23.54259], [-46.41871, -23.54163], [-46.42137, -23.54048], [-46.4231, -23.53954], [-46.42301, -23.53938], [-46.42396, -23.53856], [-46.42549, -23.53674], [-46.42817, -23.53495], [-46.42898, -23.53418], [-46.42928, -23.53367], [-46.43036, -23.53045], [-46.43241, -23.52633], [-46.43189, -23.52572], [-46.43132, -23.52413], [-46.43043, -23.52422], [-46.43021, -23.52394], [-46.43003, -23.52071], [-46.42922, -23.51959], [-46.42899, -23.51947], [-46.42612, -23.51949], [-46.42379, -23.52072], [-46.4218, -23.52145], [-46.41926, -23.52021], [-46.4183, -23.52251], [-46.41825, -23.52361], [-46.41293, -23.52464], [-46.40995, -23.52692], [-46.408, -23.52785], [-46.40625, -23.52906], [-46.40578, -23.52892], [-46.40499, -23.52893], [-46.40461, -23.52858], [-46.40361, -23.52856], [-46.40298, -23.52819], [-46.40251, -23.52818], [-46.40177, -23.5277], [-46.40167, -23.52746], [-46.40105, -23.52713], [-46.40069, -23.52704], [-46.40052, -23.52717], [-46.40028, -23.52714], [-46.3996, -23.52663], [-46.39858, -23.52637], [-46.39802, -23.52597], [-46.39744, -23.52671], [-46.39696, -23.52478], [-46.39613, -23.52454], [-46.39658, -23.52291], [-46.39651, -23.5223], [-46.39514, -23.52156], [-46.39106, -23.52163], [-46.39002, -23.52129], [-46.38972, -23.52076], [-46.38934, -23.52055], [-46.38842, -23.52128], [-46.38674, -23.52105], [-46.38614, -23.52282], [-46.38571, -23.5231], [-46.38435, -23.52338], [-46.3842, -23.52351], [-46.38426, -23.52367], [-46.38567, -23.52486], [-46.38666, -23.526], [-46.38816, -23.52671], [-46.38851, -23.52708], [-46.3897, -23.52778], [-46.39068, -23.5293], [-46.39164, -23.53015], [-46.39236, -23.53053], [-46.39436, -23.52958], [-46.39514, -23.52974], [-46.39557, -23.5309], [-46.39529, -23.53152], [-46.39464, -23.53176], [-46.39447, -23.532], [-46.39411, -23.53338], [-46.39385, -23.53379], [-46.39394, -23.53511], [-46.39371, -23.53717], [-46.39328, -23.53842], [-46.39257, -23.53933], [-46.3922, -23.54008], [-46.39044, -23.54136], [-46.3887, -23.54345], [-46.3881, -23.54514], [-46.38772, -23.54566], [-46.38784, -23.54673], [-46.38804, -23.54705], [-46.39197, -23.54933]]]]}}, {"type": "Feature", "properties": {"name": "São Domingos", "zona": "NORTE", "zona_label": "Norte", "zona_color": "#D97720"}, "geometry": {"type": "MultiPolygon", "coordinates": [[[[-46.74428, -23.5077], [-46.74937, -23.50722], [-46.75073, -23.50668], [-46.75177, -23.50582], [-46.75362, -23.50352], [-46.75435, -23.50211], [-46.75457, -23.50087], [-46.75474, -23.49667], [-46.75518, -23.49563], [-46.75585, -23.49491], [-46.75707, -23.49425], [-46.7587, -23.49416], [-46.75876, -23.49373], [-46.75928, -23.49335], [-46.75987, -23.49327], [-46.7615, -23.49337], [-46.76228, -23.49314], [-46.76306, -23.49257], [-46.76368, -23.49267], [-46.76494, -23.49208], [-46.76544, -23.492], [-46.76633, -23.49129], [-46.76768, -23.48713], [-46.76839, -23.48595], [-46.76994, -23.48392], [-46.77015, -23.48344], [-46.77003, -23.48115], [-46.77046, -23.4798], [-46.76981, -23.47733], [-46.76983, -23.47654], [-46.77003, -23.47574], [-46.77058, -23.47474], [-46.77163, -23.47371], [-46.77094, -23.47351], [-46.77036, -23.47366], [-46.76806, -23.47608], [-46.76647, -23.47583], [-46.766, -23.47553], [-46.76589, -23.47668], [-46.76542, -23.47683], [-46.76415, -23.4751], [-46.76236, -23.47391], [-46.76119, -23.47358], [-46.7606, -23.47293], [-46.75683, -23.47316], [-46.75445, -23.47377], [-46.7532, -23.4732], [-46.75282, -23.4739], [-46.75237, -23.47547], [-46.75258, -23.47643], [-46.75244, -23.47742], [-46.75286, -23.47907], [-46.75365, -23.47965], [-46.75377, -23.48072], [-46.75466, -23.48151], [-46.75512, -23.4815], [-46.75544, -23.48192], [-46.75541, -23.48255], [-46.75478, -23.48331], [-46.7542, -23.48305], [-46.75356, -23.48385], [-46.75257, -23.4837], [-46.75219, -23.48385], [-46.75155, -23.48387], [-46.75009, -23.48468], [-46.74841, -23.48518], [-46.74807, -23.4852], [-46.74729, -23.48477], [-46.74686, -23.48503], [-46.7457, -23.4854], [-46.74485, -23.48475], [-46.74417, -23.48456], [-46.74375, -23.4842], [-46.74272, -23.4841], [-46.74157, -23.48443], [-46.73918, -23.48614], [-46.7372, -23.48677], [-46.73661, -23.48848], [-46.73586, -23.48966], [-46.7318, -23.49428], [-46.72738, -23.50054], [-46.72112, -23.50761], [-46.72071, -23.50821], [-46.72043, -23.50926], [-46.72097, -23.50982], [-46.72251, -23.51211], [-46.72304, -23.51265], [-46.72404, -23.51336], [-46.72641, -23.51469], [-46.72709, -23.51248], [-46.72771, -23.51135], [-46.72879, -23.51029], [-46.73048, -23.50932], [-46.73165, -23.50891], [-46.73312, -23.50862], [-46.74428, -23.5077]]]]}}]}